<?xml version="1.0"?>
<gpx version="1.1" creator="Generated by Swisstopo App. See https://www.swisstopo.ch/app for more information." xmlns="http://www.topografix.com/GPX/1/1" xmlns:xsi="http://www.w3.org/2001/XMLSchema-instance" xmlns:swisstopo="https://prod-static.swisstopo-app.ch/xmlschemas/SwisstopoExtensions" xsi:schemaLocation="http://www.topografix.com/GPX/1/1 http://www.topografix.com/GPX/1/1/gpx.xsd https://swisstopo-app.ch/xmlschemas/SwisstopoExtensions https://prod-static.swisstopo-app.ch/xmlschemas/SwisstopoExtensions.xsd">
	<metadata>
		<name>KT Downhill 01</name>
		<desc />
		<time>2026-08-23T08:33:45+02:00</time>
		<extensions>
			<swisstopo:tour_type>0</swisstopo:tour_type>
		</extensions>
	</metadata>
	<wpt lat="46.5199342074" lon="7.6215496810">
		<ele>1806.0</ele>
		<extensions>
			<swisstopo:waypoint_id>1400129422</swisstopo:waypoint_id>
			<swisstopo:waypoint_is_controlpoint>1</swisstopo:waypoint_is_controlpoint>
			<swisstopo:waypoint_routepoint_id>265682806</swisstopo:waypoint_routepoint_id>
			<swisstopo:waypoint_meters_into_tour>0.000000</swisstopo:waypoint_meters_into_tour>
		</extensions>
		<name>Starting point</name>
	</wpt>
	<wpt lat="46.5292811693" lon="7.6061275957">
		<ele>1318.8</ele>
		<extensions>
			<swisstopo:waypoint_id>355303170</swisstopo:waypoint_id>
			<swisstopo:waypoint_is_controlpoint>1</swisstopo:waypoint_is_controlpoint>
			<swisstopo:waypoint_routepoint_id>1556860585</swisstopo:waypoint_routepoint_id>
			<swisstopo:waypoint_meters_into_tour>2749.204649</swisstopo:waypoint_meters_into_tour>
			<swisstopo:waypoint_stage_before distance="2749.204649" duration="3298.480216" ascent="1.129028" descent="488.350830" />
		</extensions>
		<name>Destination</name>
	</wpt>
	<trk>
		<name>KT Downhill 01</name>
		<trkseg>
			<trkpt lat="46.5199342074" lon="7.6215496810">
				<ele>1806.0</ele>
				<time>1970-01-01T01:00:00+01:00</time>
				<extensions>
					<swisstopo:routepoint_id>265682806</swisstopo:routepoint_id>
				</extensions>
			</trkpt>
			<trkpt lat="46.5199342074" lon="7.6215496810">
				<ele>1806.0</ele>
				<extensions>
					<swisstopo:waypoint_id>1400129422</swisstopo:waypoint_id>
					<swisstopo:waypoint_is_controlpoint>1</swisstopo:waypoint_is_controlpoint>
					<swisstopo:waypoint_routepoint_id>265682806</swisstopo:waypoint_routepoint_id>
					<swisstopo:waypoint_meters_into_tour>0.000000</swisstopo:waypoint_meters_into_tour>
					<swisstopo:waypoint_trackpoint_id>swisstopo-01</swisstopo:waypoint_trackpoint_id>
					<swisstopo:waypoint_original_name>Starting point</swisstopo:waypoint_original_name>
				</extensions>
				<name>swisstopo-01</name>
			</trkpt>
			<trkpt lat="46.5199345138" lon="7.6215674812">
				<ele>1805.8</ele>
				<time>1970-01-01T01:00:00+01:00</time>
				<extensions>
					<swisstopo:routepoint_id>183862332</swisstopo:routepoint_id>
				</extensions>
			</trkpt>
			<trkpt lat="46.5199372545" lon="7.6216419653">
				<ele>1805.4</ele>
				<time>1970-01-01T01:00:00+01:00</time>
				<extensions>
					<swisstopo:routepoint_id>1602341738</swisstopo:routepoint_id>
				</extensions>
			</trkpt>
			<trkpt lat="46.5199371835" lon="7.6216860898">
				<ele>1805.3</ele>
				<time>1970-01-01T01:00:00+01:00</time>
				<extensions>
					<swisstopo:routepoint_id>484712441</swisstopo:routepoint_id>
				</extensions>
			</trkpt>
			<trkpt lat="46.5199514442" lon="7.6216957947">
				<ele>1805.4</ele>
				<time>1970-01-01T01:00:00+01:00</time>
				<extensions>
					<swisstopo:routepoint_id>1063718662</swisstopo:routepoint_id>
				</extensions>
			</trkpt>
			<trkpt lat="46.5199675935" lon="7.6217165435">
				<ele>1805.4</ele>
				<time>1970-01-01T01:00:00+01:00</time>
				<extensions>
					<swisstopo:routepoint_id>595212874</swisstopo:routepoint_id>
				</extensions>
			</trkpt>
			<trkpt lat="46.5199941880" lon="7.6217593901">
				<ele>1805.7</ele>
				<time>1970-01-01T01:00:00+01:00</time>
				<extensions>
					<swisstopo:routepoint_id>1922992980</swisstopo:routepoint_id>
				</extensions>
			</trkpt>
			<trkpt lat="46.5200284875" lon="7.6218266834">
				<ele>1806.2</ele>
				<time>1970-01-01T01:00:00+01:00</time>
				<extensions>
					<swisstopo:routepoint_id>1350412137</swisstopo:routepoint_id>
				</extensions>
			</trkpt>
			<trkpt lat="46.5200558797" lon="7.6218879331">
				<ele>1806.2</ele>
				<time>1970-01-01T01:00:00+01:00</time>
				<extensions>
					<swisstopo:routepoint_id>1577900704</swisstopo:routepoint_id>
				</extensions>
			</trkpt>
			<trkpt lat="46.5200832465" lon="7.6219591395">
				<ele>1806.0</ele>
				<time>1970-01-01T01:00:00+01:00</time>
				<extensions>
					<swisstopo:routepoint_id>568411938</swisstopo:routepoint_id>
				</extensions>
			</trkpt>
			<trkpt lat="46.5201066841" lon="7.6220402884">
				<ele>1805.8</ele>
				<time>1970-01-01T01:00:00+01:00</time>
				<extensions>
					<swisstopo:routepoint_id>464414126</swisstopo:routepoint_id>
				</extensions>
			</trkpt>
			<trkpt lat="46.5201321062" lon="7.6221015444">
				<ele>1805.7</ele>
				<time>1970-01-01T01:00:00+01:00</time>
				<extensions>
					<swisstopo:routepoint_id>132754412</swisstopo:routepoint_id>
				</extensions>
			</trkpt>
			<trkpt lat="46.5201565766" lon="7.6221499748">
				<ele>1805.7</ele>
				<time>1970-01-01T01:00:00+01:00</time>
				<extensions>
					<swisstopo:routepoint_id>367327684</swisstopo:routepoint_id>
				</extensions>
			</trkpt>
			<trkpt lat="46.5201967518" lon="7.6221998918">
				<ele>1805.8</ele>
				<time>1970-01-01T01:00:00+01:00</time>
				<extensions>
					<swisstopo:routepoint_id>1526731628</swisstopo:routepoint_id>
				</extensions>
			</trkpt>
			<trkpt lat="46.5202379070" lon="7.6222498122">
				<ele>1805.0</ele>
				<time>1970-01-01T01:00:00+01:00</time>
				<extensions>
					<swisstopo:routepoint_id>15007869</swisstopo:routepoint_id>
				</extensions>
			</trkpt>
			<trkpt lat="46.5202830030" lon="7.6222883560">
				<ele>1803.6</ele>
				<time>1970-01-01T01:00:00+01:00</time>
				<extensions>
					<swisstopo:routepoint_id>40605890</swisstopo:routepoint_id>
				</extensions>
			</trkpt>
			<trkpt lat="46.5203526175" lon="7.6223454877">
				<ele>1802.1</ele>
				<time>1970-01-01T01:00:00+01:00</time>
				<extensions>
					<swisstopo:routepoint_id>629590216</swisstopo:routepoint_id>
				</extensions>
			</trkpt>
			<trkpt lat="46.5203928271" lon="7.6223740728">
				<ele>1802.0</ele>
				<time>1970-01-01T01:00:00+01:00</time>
				<extensions>
					<swisstopo:routepoint_id>130851173</swisstopo:routepoint_id>
				</extensions>
			</trkpt>
			<trkpt lat="46.5204173116" lon="7.6224082987">
				<ele>1802.1</ele>
				<time>1970-01-01T01:00:00+01:00</time>
				<extensions>
					<swisstopo:routepoint_id>322172445</swisstopo:routepoint_id>
				</extensions>
			</trkpt>
			<trkpt lat="46.5204378859" lon="7.6224410782">
				<ele>1802.1</ele>
				<time>1970-01-01T01:00:00+01:00</time>
				<extensions>
					<swisstopo:routepoint_id>670369115</swisstopo:routepoint_id>
				</extensions>
			</trkpt>
			<trkpt lat="46.5204525473" lon="7.6224752446">
				<ele>1801.8</ele>
				<time>1970-01-01T01:00:00+01:00</time>
				<extensions>
					<swisstopo:routepoint_id>464687212</swisstopo:routepoint_id>
				</extensions>
			</trkpt>
			<trkpt lat="46.5204593555" lon="7.6225207871">
				<ele>1801.6</ele>
				<time>1970-01-01T01:00:00+01:00</time>
				<extensions>
					<swisstopo:routepoint_id>35973935</swisstopo:routepoint_id>
				</extensions>
			</trkpt>
			<trkpt lat="46.5204602625" lon="7.6225662969">
				<ele>1801.5</ele>
				<time>1970-01-01T01:00:00+01:00</time>
				<extensions>
					<swisstopo:routepoint_id>878836171</swisstopo:routepoint_id>
				</extensions>
			</trkpt>
			<trkpt lat="46.5204552839" lon="7.6226075512">
				<ele>1801.1</ele>
				<time>1970-01-01T01:00:00+01:00</time>
				<extensions>
					<swisstopo:routepoint_id>2031695787</swisstopo:routepoint_id>
				</extensions>
			</trkpt>
			<trkpt lat="46.5204453942" lon="7.6226487634">
				<ele>1800.8</ele>
				<time>1970-01-01T01:00:00+01:00</time>
				<extensions>
					<swisstopo:routepoint_id>1012593255</swisstopo:routepoint_id>
				</extensions>
			</trkpt>
			<trkpt lat="46.5204098359" lon="7.6227865958">
				<ele>1800.2</ele>
				<time>1970-01-01T01:00:00+01:00</time>
				<extensions>
					<swisstopo:routepoint_id>1719318558</swisstopo:routepoint_id>
				</extensions>
			</trkpt>
			<trkpt lat="46.5203989314" lon="7.6228434418">
				<ele>1800.1</ele>
				<time>1970-01-01T01:00:00+01:00</time>
				<extensions>
					<swisstopo:routepoint_id>1764513808</swisstopo:routepoint_id>
				</extensions>
			</trkpt>
			<trkpt lat="46.5203959066" lon="7.6228946459">
				<ele>1799.7</ele>
				<time>1970-01-01T01:00:00+01:00</time>
				<extensions>
					<swisstopo:routepoint_id>423313668</swisstopo:routepoint_id>
				</extensions>
			</trkpt>
			<trkpt lat="46.5203938399" lon="7.6229600581">
				<ele>1799.2</ele>
				<time>1970-01-01T01:00:00+01:00</time>
				<extensions>
					<swisstopo:routepoint_id>528699833</swisstopo:routepoint_id>
				</extensions>
			</trkpt>
			<trkpt lat="46.5203907575" lon="7.6230467991">
				<ele>1799.2</ele>
				<time>1970-01-01T01:00:00+01:00</time>
				<extensions>
					<swisstopo:routepoint_id>1221373881</swisstopo:routepoint_id>
				</extensions>
			</trkpt>
			<trkpt lat="46.5203857165" lon="7.6231264442">
				<ele>1798.9</ele>
				<time>1970-01-01T01:00:00+01:00</time>
				<extensions>
					<swisstopo:routepoint_id>823914625</swisstopo:routepoint_id>
				</extensions>
			</trkpt>
			<trkpt lat="46.5203806940" lon="7.6232003816">
				<ele>1798.8</ele>
				<time>1970-01-01T01:00:00+01:00</time>
				<extensions>
					<swisstopo:routepoint_id>1928454013</swisstopo:routepoint_id>
				</extensions>
			</trkpt>
			<trkpt lat="46.5203835504" lon="7.6232530008">
				<ele>1798.7</ele>
				<time>1970-01-01T01:00:00+01:00</time>
				<extensions>
					<swisstopo:routepoint_id>1267627318</swisstopo:routepoint_id>
				</extensions>
			</trkpt>
			<trkpt lat="46.5203913480" lon="7.6232871703">
				<ele>1798.6</ele>
				<time>1970-01-01T01:00:00+01:00</time>
				<extensions>
					<swisstopo:routepoint_id>1007128864</swisstopo:routepoint_id>
				</extensions>
			</trkpt>
			<trkpt lat="46.5204060226" lon="7.6233185221">
				<ele>1798.4</ele>
				<time>1970-01-01T01:00:00+01:00</time>
				<extensions>
					<swisstopo:routepoint_id>709203109</swisstopo:routepoint_id>
				</extensions>
			</trkpt>
			<trkpt lat="46.5204373821" lon="7.6233570201">
				<ele>1797.8</ele>
				<time>1970-01-01T01:00:00+01:00</time>
				<extensions>
					<swisstopo:routepoint_id>1860790173</swisstopo:routepoint_id>
				</extensions>
			</trkpt>
			<trkpt lat="46.5204854005" lon="7.6234069649">
				<ele>1797.0</ele>
				<time>1970-01-01T01:00:00+01:00</time>
				<extensions>
					<swisstopo:routepoint_id>1164795817</swisstopo:routepoint_id>
				</extensions>
			</trkpt>
			<trkpt lat="46.5205246015" lon="7.6234526054">
				<ele>1796.3</ele>
				<time>1970-01-01T01:00:00+01:00</time>
				<extensions>
					<swisstopo:routepoint_id>1354581042</swisstopo:routepoint_id>
				</extensions>
			</trkpt>
			<trkpt lat="46.5205637677" lon="7.6235139102">
				<ele>1795.5</ele>
				<time>1970-01-01T01:00:00+01:00</time>
				<extensions>
					<swisstopo:routepoint_id>885998011</swisstopo:routepoint_id>
				</extensions>
			</trkpt>
			<trkpt lat="46.5206039325" lon="7.6235695100">
				<ele>1794.8</ele>
				<time>1970-01-01T01:00:00+01:00</time>
				<extensions>
					<swisstopo:routepoint_id>1445146292</swisstopo:routepoint_id>
				</extensions>
			</trkpt>
			<trkpt lat="46.5206225549" lon="7.6235909196">
				<ele>1794.4</ele>
				<time>1970-01-01T01:00:00+01:00</time>
				<extensions>
					<swisstopo:routepoint_id>201084253</swisstopo:routepoint_id>
				</extensions>
			</trkpt>
			<trkpt lat="46.5206490141" lon="7.6236166041">
				<ele>1794.4</ele>
				<time>1970-01-01T01:00:00+01:00</time>
				<extensions>
					<swisstopo:routepoint_id>1085166146</swisstopo:routepoint_id>
				</extensions>
			</trkpt>
			<trkpt lat="46.5207156955" lon="7.6236737287">
				<ele>1794.1</ele>
				<time>1970-01-01T01:00:00+01:00</time>
				<extensions>
					<swisstopo:routepoint_id>117746543</swisstopo:routepoint_id>
				</extensions>
			</trkpt>
			<trkpt lat="46.5207764669" lon="7.6237308197">
				<ele>1793.4</ele>
				<time>1970-01-01T01:00:00+01:00</time>
				<extensions>
					<swisstopo:routepoint_id>326721794</swisstopo:routepoint_id>
				</extensions>
			</trkpt>
			<trkpt lat="46.5208117482" lon="7.6237693444">
				<ele>1793.2</ele>
				<time>1970-01-01T01:00:00+01:00</time>
				<extensions>
					<swisstopo:routepoint_id>897141411</swisstopo:routepoint_id>
				</extensions>
			</trkpt>
			<trkpt lat="46.5208411441" lon="7.6238092576">
				<ele>1793.0</ele>
				<time>1970-01-01T01:00:00+01:00</time>
				<extensions>
					<swisstopo:routepoint_id>2031640343</swisstopo:routepoint_id>
				</extensions>
			</trkpt>
			<trkpt lat="46.5209047965" lon="7.6239090374">
				<ele>1792.9</ele>
				<time>1970-01-01T01:00:00+01:00</time>
				<extensions>
					<swisstopo:routepoint_id>1865917093</swisstopo:routepoint_id>
				</extensions>
			</trkpt>
			<trkpt lat="46.5209900054" lon="7.6240344999">
				<ele>1793.9</ele>
				<time>1970-01-01T01:00:00+01:00</time>
				<extensions>
					<swisstopo:routepoint_id>2106704749</swisstopo:routepoint_id>
				</extensions>
			</trkpt>
			<trkpt lat="46.5210439090" lon="7.6241051861">
				<ele>1794.3</ele>
				<time>1970-01-01T01:00:00+01:00</time>
				<extensions>
					<swisstopo:routepoint_id>1813647609</swisstopo:routepoint_id>
				</extensions>
			</trkpt>
			<trkpt lat="46.5211016153" lon="7.6240835945">
				<ele>1794.0</ele>
				<time>1970-01-01T01:00:00+01:00</time>
				<extensions>
					<swisstopo:routepoint_id>286198510</swisstopo:routepoint_id>
				</extensions>
			</trkpt>
			<trkpt lat="46.5211530632" lon="7.6240601703">
				<ele>1793.6</ele>
				<time>1970-01-01T01:00:00+01:00</time>
				<extensions>
					<swisstopo:routepoint_id>1939016592</swisstopo:routepoint_id>
				</extensions>
			</trkpt>
			<trkpt lat="46.5212208261" lon="7.6240222444">
				<ele>1793.4</ele>
				<time>1970-01-01T01:00:00+01:00</time>
				<extensions>
					<swisstopo:routepoint_id>580475073</swisstopo:routepoint_id>
				</extensions>
			</trkpt>
			<trkpt lat="46.5212748287" lon="7.6239715791">
				<ele>1793.6</ele>
				<time>1970-01-01T01:00:00+01:00</time>
				<extensions>
					<swisstopo:routepoint_id>1170864328</swisstopo:routepoint_id>
				</extensions>
			</trkpt>
			<trkpt lat="46.5213250857" lon="7.6239118047">
				<ele>1793.5</ele>
				<time>1970-01-01T01:00:00+01:00</time>
				<extensions>
					<swisstopo:routepoint_id>1307001260</swisstopo:routepoint_id>
				</extensions>
			</trkpt>
			<trkpt lat="46.5213577865" lon="7.6238501582">
				<ele>1793.6</ele>
				<time>1970-01-01T01:00:00+01:00</time>
				<extensions>
					<swisstopo:routepoint_id>267181979</swisstopo:routepoint_id>
				</extensions>
			</trkpt>
			<trkpt lat="46.5213892395" lon="7.6237866827">
				<ele>1793.6</ele>
				<time>1970-01-01T01:00:00+01:00</time>
				<extensions>
					<swisstopo:routepoint_id>589279586</swisstopo:routepoint_id>
				</extensions>
			</trkpt>
			<trkpt lat="46.5214421184" lon="7.6236524391">
				<ele>1793.4</ele>
				<time>1970-01-01T01:00:00+01:00</time>
				<extensions>
					<swisstopo:routepoint_id>1190618725</swisstopo:routepoint_id>
				</extensions>
			</trkpt>
			<trkpt lat="46.5215038154" lon="7.6234946250">
				<ele>1793.2</ele>
				<time>1970-01-01T01:00:00+01:00</time>
				<extensions>
					<swisstopo:routepoint_id>543139927</swisstopo:routepoint_id>
				</extensions>
			</trkpt>
			<trkpt lat="46.5215579265" lon="7.6233712798">
				<ele>1793.3</ele>
				<time>1970-01-01T01:00:00+01:00</time>
				<extensions>
					<swisstopo:routepoint_id>1746882691</swisstopo:routepoint_id>
				</extensions>
			</trkpt>
			<trkpt lat="46.5216069738" lon="7.6232751796">
				<ele>1793.0</ele>
				<time>1970-01-01T01:00:00+01:00</time>
				<extensions>
					<swisstopo:routepoint_id>747729468</swisstopo:routepoint_id>
				</extensions>
			</trkpt>
			<trkpt lat="46.5216484742" lon="7.6232008566">
				<ele>1793.1</ele>
				<time>1970-01-01T01:00:00+01:00</time>
				<extensions>
					<swisstopo:routepoint_id>2101230210</swisstopo:routepoint_id>
				</extensions>
			</trkpt>
			<trkpt lat="46.5217264028" lon="7.6230903112">
				<ele>1792.8</ele>
				<time>1970-01-01T01:00:00+01:00</time>
				<extensions>
					<swisstopo:routepoint_id>1964269408</swisstopo:routepoint_id>
				</extensions>
			</trkpt>
			<trkpt lat="46.5217980230" lon="7.6229979240">
				<ele>1792.7</ele>
				<time>1970-01-01T01:00:00+01:00</time>
				<extensions>
					<swisstopo:routepoint_id>1219250904</swisstopo:routepoint_id>
				</extensions>
			</trkpt>
			<trkpt lat="46.5218395055" lon="7.6229344816">
				<ele>1792.9</ele>
				<time>1970-01-01T01:00:00+01:00</time>
				<extensions>
					<swisstopo:routepoint_id>1554320793</swisstopo:routepoint_id>
				</extensions>
			</trkpt>
			<trkpt lat="46.5218659063" lon="7.6228855192">
				<ele>1792.8</ele>
				<time>1970-01-01T01:00:00+01:00</time>
				<extensions>
					<swisstopo:routepoint_id>1989816695</swisstopo:routepoint_id>
				</extensions>
			</trkpt>
			<trkpt lat="46.5219073858" lon="7.6228239013">
				<ele>1792.6</ele>
				<time>1970-01-01T01:00:00+01:00</time>
				<extensions>
					<swisstopo:routepoint_id>1502105714</swisstopo:routepoint_id>
				</extensions>
			</trkpt>
			<trkpt lat="46.5219513696" lon="7.6227659277">
				<ele>1792.4</ele>
				<time>1970-01-01T01:00:00+01:00</time>
				<extensions>
					<swisstopo:routepoint_id>974792162</swisstopo:routepoint_id>
				</extensions>
			</trkpt>
			<trkpt lat="46.5219928373" lon="7.6227115685">
				<ele>1792.3</ele>
				<time>1970-01-01T01:00:00+01:00</time>
				<extensions>
					<swisstopo:routepoint_id>1867133173</swisstopo:routepoint_id>
				</extensions>
			</trkpt>
			<trkpt lat="46.5220267671" lon="7.6226571971">
				<ele>1792.2</ele>
				<time>1970-01-01T01:00:00+01:00</time>
				<extensions>
					<swisstopo:routepoint_id>1153496789</swisstopo:routepoint_id>
				</extensions>
			</trkpt>
			<trkpt lat="46.5220544742" lon="7.6225846373">
				<ele>1792.2</ele>
				<time>1970-01-01T01:00:00+01:00</time>
				<extensions>
					<swisstopo:routepoint_id>1948315513</swisstopo:routepoint_id>
				</extensions>
			</trkpt>
			<trkpt lat="46.5220796799" lon="7.6225066085">
				<ele>1792.2</ele>
				<time>1970-01-01T01:00:00+01:00</time>
				<extensions>
					<swisstopo:routepoint_id>1327399748</swisstopo:routepoint_id>
				</extensions>
			</trkpt>
			<trkpt lat="46.5221212796" lon="7.6223650520">
				<ele>1791.8</ele>
				<time>1970-01-01T01:00:00+01:00</time>
				<extensions>
					<swisstopo:routepoint_id>2021846107</swisstopo:routepoint_id>
				</extensions>
			</trkpt>
			<trkpt lat="46.5221414516" lon="7.6223015501">
				<ele>1791.3</ele>
				<time>1970-01-01T01:00:00+01:00</time>
				<extensions>
					<swisstopo:routepoint_id>188024734</swisstopo:routepoint_id>
				</extensions>
			</trkpt>
			<trkpt lat="46.5221628415" lon="7.6222525828">
				<ele>1790.6</ele>
				<time>1970-01-01T01:00:00+01:00</time>
				<extensions>
					<swisstopo:routepoint_id>233589848</swisstopo:routepoint_id>
				</extensions>
			</trkpt>
			<trkpt lat="46.5221867469" lon="7.6222054352">
				<ele>1789.8</ele>
				<time>1970-01-01T01:00:00+01:00</time>
				<extensions>
					<swisstopo:routepoint_id>608288349</swisstopo:routepoint_id>
				</extensions>
			</trkpt>
			<trkpt lat="46.5222219032" lon="7.6221710452">
				<ele>1789.0</ele>
				<time>1970-01-01T01:00:00+01:00</time>
				<extensions>
					<swisstopo:routepoint_id>937920310</swisstopo:routepoint_id>
				</extensions>
			</trkpt>
			<trkpt lat="46.5222645715" lon="7.6221475627">
				<ele>1787.9</ele>
				<time>1970-01-01T01:00:00+01:00</time>
				<extensions>
					<swisstopo:routepoint_id>217992734</swisstopo:routepoint_id>
				</extensions>
			</trkpt>
			<trkpt lat="46.5223172785" lon="7.6221241404">
				<ele>1786.6</ele>
				<time>1970-01-01T01:00:00+01:00</time>
				<extensions>
					<swisstopo:routepoint_id>1579718582</swisstopo:routepoint_id>
				</extensions>
			</trkpt>
			<trkpt lat="46.5223774707" lon="7.6221170726">
				<ele>1785.0</ele>
				<time>1970-01-01T01:00:00+01:00</time>
				<extensions>
					<swisstopo:routepoint_id>167688156</swisstopo:routepoint_id>
				</extensions>
			</trkpt>
			<trkpt lat="46.5224351479" lon="7.6221245396">
				<ele>1783.1</ele>
				<time>1970-01-01T01:00:00+01:00</time>
				<extensions>
					<swisstopo:routepoint_id>1233172536</swisstopo:routepoint_id>
				</extensions>
			</trkpt>
			<trkpt lat="46.5224877667" lon="7.6221446829">
				<ele>1781.7</ele>
				<time>1970-01-01T01:00:00+01:00</time>
				<extensions>
					<swisstopo:routepoint_id>1262817830</swisstopo:routepoint_id>
				</extensions>
			</trkpt>
			<trkpt lat="46.5225516548" lon="7.6221830573">
				<ele>1779.3</ele>
				<time>1970-01-01T01:00:00+01:00</time>
				<extensions>
					<swisstopo:routepoint_id>632015332</swisstopo:routepoint_id>
				</extensions>
			</trkpt>
			<trkpt lat="46.5226343143" lon="7.6222396501">
				<ele>1776.7</ele>
				<time>1970-01-01T01:00:00+01:00</time>
				<extensions>
					<swisstopo:routepoint_id>313293093</swisstopo:routepoint_id>
				</extensions>
			</trkpt>
			<trkpt lat="46.5227119690" lon="7.6222925767">
				<ele>1774.3</ele>
				<time>1970-01-01T01:00:00+01:00</time>
				<extensions>
					<swisstopo:routepoint_id>581584741</swisstopo:routepoint_id>
				</extensions>
			</trkpt>
			<trkpt lat="46.5227808647" lon="7.6223382274">
				<ele>1772.5</ele>
				<time>1970-01-01T01:00:00+01:00</time>
				<extensions>
					<swisstopo:routepoint_id>116382535</swisstopo:routepoint_id>
				</extensions>
			</trkpt>
			<trkpt lat="46.5228472387" lon="7.6223856809">
				<ele>1770.4</ele>
				<time>1970-01-01T01:00:00+01:00</time>
				<extensions>
					<swisstopo:routepoint_id>1871525700</swisstopo:routepoint_id>
				</extensions>
			</trkpt>
			<trkpt lat="46.5229148484" lon="7.6224422232">
				<ele>1768.3</ele>
				<time>1970-01-01T01:00:00+01:00</time>
				<extensions>
					<swisstopo:routepoint_id>989880543</swisstopo:routepoint_id>
				</extensions>
			</trkpt>
			<trkpt lat="46.5229812020" lon="7.6225078444">
				<ele>1766.1</ele>
				<time>1970-01-01T01:00:00+01:00</time>
				<extensions>
					<swisstopo:routepoint_id>442889257</swisstopo:routepoint_id>
				</extensions>
			</trkpt>
			<trkpt lat="46.5230250062" lon="7.6225606695">
				<ele>1765.0</ele>
				<time>1970-01-01T01:00:00+01:00</time>
				<extensions>
					<swisstopo:routepoint_id>589393364</swisstopo:routepoint_id>
				</extensions>
			</trkpt>
			<trkpt lat="46.5230587655" lon="7.6226171093">
				<ele>1763.7</ele>
				<time>1970-01-01T01:00:00+01:00</time>
				<extensions>
					<swisstopo:routepoint_id>1930096931</swisstopo:routepoint_id>
				</extensions>
			</trkpt>
			<trkpt lat="46.5230837393" lon="7.6226825776">
				<ele>1762.6</ele>
				<time>1970-01-01T01:00:00+01:00</time>
				<extensions>
					<swisstopo:routepoint_id>1675962212</swisstopo:routepoint_id>
				</extensions>
			</trkpt>
			<trkpt lat="46.5231061769" lon="7.6227644056">
				<ele>1761.3</ele>
				<time>1970-01-01T01:00:00+01:00</time>
				<extensions>
					<swisstopo:routepoint_id>546909417</swisstopo:routepoint_id>
				</extensions>
			</trkpt>
			<trkpt lat="46.5231286407" lon="7.6228244304">
				<ele>1760.2</ele>
				<time>1970-01-01T01:00:00+01:00</time>
				<extensions>
					<swisstopo:routepoint_id>2121936361</swisstopo:routepoint_id>
				</extensions>
			</trkpt>
			<trkpt lat="46.5231561685" lon="7.6228626696">
				<ele>1759.3</ele>
				<time>1970-01-01T01:00:00+01:00</time>
				<extensions>
					<swisstopo:routepoint_id>1864628837</swisstopo:routepoint_id>
				</extensions>
			</trkpt>
			<trkpt lat="46.5232012554" lon="7.6228955207">
				<ele>1758.5</ele>
				<time>1970-01-01T01:00:00+01:00</time>
				<extensions>
					<swisstopo:routepoint_id>579528631</swisstopo:routepoint_id>
				</extensions>
			</trkpt>
			<trkpt lat="46.5232851884" lon="7.6229430358">
				<ele>1756.9</ele>
				<time>1970-01-01T01:00:00+01:00</time>
				<extensions>
					<swisstopo:routepoint_id>122683521</swisstopo:routepoint_id>
				</extensions>
			</trkpt>
			<trkpt lat="46.5233440801" lon="7.6229668509">
				<ele>1755.5</ele>
				<time>1970-01-01T01:00:00+01:00</time>
				<extensions>
					<swisstopo:routepoint_id>348608925</swisstopo:routepoint_id>
				</extensions>
			</trkpt>
			<trkpt lat="46.5233741645" lon="7.6229705892">
				<ele>1755.0</ele>
				<time>1970-01-01T01:00:00+01:00</time>
				<extensions>
					<swisstopo:routepoint_id>1173960297</swisstopo:routepoint_id>
				</extensions>
			</trkpt>
			<trkpt lat="46.5233992765" lon="7.6229506831">
				<ele>1754.6</ele>
				<time>1970-01-01T01:00:00+01:00</time>
				<extensions>
					<swisstopo:routepoint_id>539733425</swisstopo:routepoint_id>
				</extensions>
			</trkpt>
			<trkpt lat="46.5234081152" lon="7.6229143920">
				<ele>1753.9</ele>
				<time>1970-01-01T01:00:00+01:00</time>
				<extensions>
					<swisstopo:routepoint_id>1279134329</swisstopo:routepoint_id>
				</extensions>
			</trkpt>
			<trkpt lat="46.5234006538" lon="7.6228780320">
				<ele>1753.4</ele>
				<time>1970-01-01T01:00:00+01:00</time>
				<extensions>
					<swisstopo:routepoint_id>1760290778</swisstopo:routepoint_id>
				</extensions>
			</trkpt>
			<trkpt lat="46.5233706163" lon="7.6228397841">
				<ele>1752.7</ele>
				<time>1970-01-01T01:00:00+01:00</time>
				<extensions>
					<swisstopo:routepoint_id>1093809900</swisstopo:routepoint_id>
				</extensions>
			</trkpt>
			<trkpt lat="46.5233142899" lon="7.6227760080">
				<ele>1751.1</ele>
				<time>1970-01-01T01:00:00+01:00</time>
				<extensions>
					<swisstopo:routepoint_id>1413557758</swisstopo:routepoint_id>
				</extensions>
			</trkpt>
			<trkpt lat="46.5232580022" lon="7.6226995253">
				<ele>1749.7</ele>
				<time>1970-01-01T01:00:00+01:00</time>
				<extensions>
					<swisstopo:routepoint_id>1397588072</swisstopo:routepoint_id>
				</extensions>
			</trkpt>
			<trkpt lat="46.5232317339" lon="7.6226558424">
				<ele>1749.2</ele>
				<time>1970-01-01T01:00:00+01:00</time>
				<extensions>
					<swisstopo:routepoint_id>15597113</swisstopo:routepoint_id>
				</extensions>
			</trkpt>
			<trkpt lat="46.5232267850" lon="7.6226176799">
				<ele>1748.9</ele>
				<time>1970-01-01T01:00:00+01:00</time>
				<extensions>
					<swisstopo:routepoint_id>1176053414</swisstopo:routepoint_id>
				</extensions>
			</trkpt>
			<trkpt lat="46.5232343582" lon="7.6225850078">
				<ele>1748.7</ele>
				<time>1970-01-01T01:00:00+01:00</time>
				<extensions>
					<swisstopo:routepoint_id>770232154</swisstopo:routepoint_id>
				</extensions>
			</trkpt>
			<trkpt lat="46.5232531974" lon="7.6225669049">
				<ele>1748.5</ele>
				<time>1970-01-01T01:00:00+01:00</time>
				<extensions>
					<swisstopo:routepoint_id>1132303846</swisstopo:routepoint_id>
				</extensions>
			</trkpt>
			<trkpt lat="46.5232820281" lon="7.6225670028">
				<ele>1748.0</ele>
				<time>1970-01-01T01:00:00+01:00</time>
				<extensions>
					<swisstopo:routepoint_id>316900752</swisstopo:routepoint_id>
				</extensions>
			</trkpt>
			<trkpt lat="46.5233108475" lon="7.6225852675">
				<ele>1747.6</ele>
				<time>1970-01-01T01:00:00+01:00</time>
				<extensions>
					<swisstopo:routepoint_id>1683156472</swisstopo:routepoint_id>
				</extensions>
			</trkpt>
			<trkpt lat="46.5233471429" lon="7.6226253478">
				<ele>1746.9</ele>
				<time>1970-01-01T01:00:00+01:00</time>
				<extensions>
					<swisstopo:routepoint_id>919879442</swisstopo:routepoint_id>
				</extensions>
			</trkpt>
			<trkpt lat="46.5233934835" lon="7.6226618398">
				<ele>1746.0</ele>
				<time>1970-01-01T01:00:00+01:00</time>
				<extensions>
					<swisstopo:routepoint_id>681233089</swisstopo:routepoint_id>
				</extensions>
			</trkpt>
			<trkpt lat="46.5234385555" lon="7.6226983140">
				<ele>1745.3</ele>
				<time>1970-01-01T01:00:00+01:00</time>
				<extensions>
					<swisstopo:routepoint_id>515632797</swisstopo:routepoint_id>
				</extensions>
			</trkpt>
			<trkpt lat="46.5234936842" lon="7.6227239274">
				<ele>1744.6</ele>
				<time>1970-01-01T01:00:00+01:00</time>
				<extensions>
					<swisstopo:routepoint_id>589251041</swisstopo:routepoint_id>
				</extensions>
			</trkpt>
			<trkpt lat="46.5235287928" lon="7.6227358931">
				<ele>1744.1</ele>
				<time>1970-01-01T01:00:00+01:00</time>
				<extensions>
					<swisstopo:routepoint_id>1739187846</swisstopo:routepoint_id>
				</extensions>
			</trkpt>
			<trkpt lat="46.5235757472" lon="7.6227488115">
				<ele>1743.5</ele>
				<time>1970-01-01T01:00:00+01:00</time>
				<extensions>
					<swisstopo:routepoint_id>1820976925</swisstopo:routepoint_id>
				</extensions>
			</trkpt>
			<trkpt lat="46.5236535222" lon="7.6227660966">
				<ele>1742.3</ele>
				<time>1970-01-01T01:00:00+01:00</time>
				<extensions>
					<swisstopo:routepoint_id>1282132336</swisstopo:routepoint_id>
				</extensions>
			</trkpt>
			<trkpt lat="46.5237356976" lon="7.6227769974">
				<ele>1741.2</ele>
				<time>1970-01-01T01:00:00+01:00</time>
				<extensions>
					<swisstopo:routepoint_id>1207267260</swisstopo:routepoint_id>
				</extensions>
			</trkpt>
			<trkpt lat="46.5238355477" lon="7.6227667153">
				<ele>1740.0</ele>
				<time>1970-01-01T01:00:00+01:00</time>
				<extensions>
					<swisstopo:routepoint_id>914410693</swisstopo:routepoint_id>
				</extensions>
			</trkpt>
			<trkpt lat="46.5239295285" lon="7.6227478901">
				<ele>1738.7</ele>
				<time>1970-01-01T01:00:00+01:00</time>
				<extensions>
					<swisstopo:routepoint_id>42483947</swisstopo:routepoint_id>
				</extensions>
			</trkpt>
			<trkpt lat="46.5239838659" lon="7.6227289428">
				<ele>1737.9</ele>
				<time>1970-01-01T01:00:00+01:00</time>
				<extensions>
					<swisstopo:routepoint_id>1955644217</swisstopo:routepoint_id>
				</extensions>
			</trkpt>
			<trkpt lat="46.5240571497" lon="7.6227089653">
				<ele>1736.7</ele>
				<time>1970-01-01T01:00:00+01:00</time>
				<extensions>
					<swisstopo:routepoint_id>1958817022</swisstopo:routepoint_id>
				</extensions>
			</trkpt>
			<trkpt lat="46.5240857517" lon="7.6227002656">
				<ele>1736.2</ele>
				<time>1970-01-01T01:00:00+01:00</time>
				<extensions>
					<swisstopo:routepoint_id>2114864433</swisstopo:routepoint_id>
				</extensions>
			</trkpt>
			<trkpt lat="46.5240330138" lon="7.6226704498">
				<ele>1736.4</ele>
				<time>1970-01-01T01:00:00+01:00</time>
				<extensions>
					<swisstopo:routepoint_id>1999252840</swisstopo:routepoint_id>
				</extensions>
			</trkpt>
			<trkpt lat="46.5240151883" lon="7.6226569399">
				<ele>1735.8</ele>
				<time>1970-01-01T01:00:00+01:00</time>
				<extensions>
					<swisstopo:routepoint_id>1516019912</swisstopo:routepoint_id>
				</extensions>
			</trkpt>
			<trkpt lat="46.5239916383" lon="7.6226454827">
				<ele>1735.4</ele>
				<time>1970-01-01T01:00:00+01:00</time>
				<extensions>
					<swisstopo:routepoint_id>1553051982</swisstopo:routepoint_id>
				</extensions>
			</trkpt>
			<trkpt lat="46.5239695343" lon="7.6226298989">
				<ele>1734.5</ele>
				<time>1970-01-01T01:00:00+01:00</time>
				<extensions>
					<swisstopo:routepoint_id>1730433744</swisstopo:routepoint_id>
				</extensions>
			</trkpt>
			<trkpt lat="46.5239488449" lon="7.6226184514">
				<ele>1734.0</ele>
				<time>1970-01-01T01:00:00+01:00</time>
				<extensions>
					<swisstopo:routepoint_id>1216958244</swisstopo:routepoint_id>
				</extensions>
			</trkpt>
			<trkpt lat="46.5239117495" lon="7.6225945282">
				<ele>1732.8</ele>
				<time>1970-01-01T01:00:00+01:00</time>
				<extensions>
					<swisstopo:routepoint_id>1561153166</swisstopo:routepoint_id>
				</extensions>
			</trkpt>
			<trkpt lat="46.5238817774" lon="7.6225882228">
				<ele>1732.8</ele>
				<time>1970-01-01T01:00:00+01:00</time>
				<extensions>
					<swisstopo:routepoint_id>1593407172</swisstopo:routepoint_id>
				</extensions>
			</trkpt>
			<trkpt lat="46.5238361049" lon="7.6225725455">
				<ele>1732.7</ele>
				<time>1970-01-01T01:00:00+01:00</time>
				<extensions>
					<swisstopo:routepoint_id>2013060219</swisstopo:routepoint_id>
				</extensions>
			</trkpt>
			<trkpt lat="46.5237590594" lon="7.6225267617">
				<ele>1730.2</ele>
				<time>1970-01-01T01:00:00+01:00</time>
				<extensions>
					<swisstopo:routepoint_id>362702706</swisstopo:routepoint_id>
				</extensions>
			</trkpt>
			<trkpt lat="46.5237262533" lon="7.6225038960">
				<ele>1729.0</ele>
				<time>1970-01-01T01:00:00+01:00</time>
				<extensions>
					<swisstopo:routepoint_id>1078212787</swisstopo:routepoint_id>
				</extensions>
			</trkpt>
			<trkpt lat="46.5236948671" lon="7.6224820645">
				<ele>1728.4</ele>
				<time>1970-01-01T01:00:00+01:00</time>
				<extensions>
					<swisstopo:routepoint_id>237504344</swisstopo:routepoint_id>
				</extensions>
			</trkpt>
			<trkpt lat="46.5236691949" lon="7.6224643966">
				<ele>1728.3</ele>
				<time>1970-01-01T01:00:00+01:00</time>
				<extensions>
					<swisstopo:routepoint_id>627355918</swisstopo:routepoint_id>
				</extensions>
			</trkpt>
			<trkpt lat="46.5236320813" lon="7.6224518507">
				<ele>1728.7</ele>
				<time>1970-01-01T01:00:00+01:00</time>
				<extensions>
					<swisstopo:routepoint_id>1030776915</swisstopo:routepoint_id>
				</extensions>
			</trkpt>
			<trkpt lat="46.5235749827" lon="7.6224371776">
				<ele>1730.1</ele>
				<time>1970-01-01T01:00:00+01:00</time>
				<extensions>
					<swisstopo:routepoint_id>859152662</swisstopo:routepoint_id>
				</extensions>
			</trkpt>
			<trkpt lat="46.5235301068" lon="7.6223739227">
				<ele>1729.9</ele>
				<time>1970-01-01T01:00:00+01:00</time>
				<extensions>
					<swisstopo:routepoint_id>1234559329</swisstopo:routepoint_id>
				</extensions>
			</trkpt>
			<trkpt lat="46.5235158771" lon="7.6223397423">
				<ele>1729.7</ele>
				<time>1970-01-01T01:00:00+01:00</time>
				<extensions>
					<swisstopo:routepoint_id>212424404</swisstopo:routepoint_id>
				</extensions>
			</trkpt>
			<trkpt lat="46.5235002794" lon="7.6222724552">
				<ele>1729.5</ele>
				<time>1970-01-01T01:00:00+01:00</time>
				<extensions>
					<swisstopo:routepoint_id>1783151311</swisstopo:routepoint_id>
				</extensions>
			</trkpt>
			<trkpt lat="46.5234924963" lon="7.6222289790">
				<ele>1729.4</ele>
				<time>1970-01-01T01:00:00+01:00</time>
				<extensions>
					<swisstopo:routepoint_id>1167523675</swisstopo:routepoint_id>
				</extensions>
			</trkpt>
			<trkpt lat="46.5234853975" lon="7.6222020557">
				<ele>1729.2</ele>
				<time>1970-01-01T01:00:00+01:00</time>
				<extensions>
					<swisstopo:routepoint_id>330628401</swisstopo:routepoint_id>
				</extensions>
			</trkpt>
			<trkpt lat="46.5234811705" lon="7.6221679092">
				<ele>1728.7</ele>
				<time>1970-01-01T01:00:00+01:00</time>
				<extensions>
					<swisstopo:routepoint_id>1089528890</swisstopo:routepoint_id>
				</extensions>
			</trkpt>
			<trkpt lat="46.5234826576" lon="7.6221327402">
				<ele>1728.0</ele>
				<time>1970-01-01T01:00:00+01:00</time>
				<extensions>
					<swisstopo:routepoint_id>842139519</swisstopo:routepoint_id>
				</extensions>
			</trkpt>
			<trkpt lat="46.5234862832" lon="7.6220934468">
				<ele>1727.1</ele>
				<time>1970-01-01T01:00:00+01:00</time>
				<extensions>
					<swisstopo:routepoint_id>1454602353</swisstopo:routepoint_id>
				</extensions>
			</trkpt>
			<trkpt lat="46.5234935142" lon="7.6220386435">
				<ele>1726.0</ele>
				<time>1970-01-01T01:00:00+01:00</time>
				<extensions>
					<swisstopo:routepoint_id>531920586</swisstopo:routepoint_id>
				</extensions>
			</trkpt>
			<trkpt lat="46.5235064372" lon="7.6219962667">
				<ele>1725.0</ele>
				<time>1970-01-01T01:00:00+01:00</time>
				<extensions>
					<swisstopo:routepoint_id>906566232</swisstopo:routepoint_id>
				</extensions>
			</trkpt>
			<trkpt lat="46.5235478316" lon="7.6218533890">
				<ele>1721.1</ele>
				<time>1970-01-01T01:00:00+01:00</time>
				<extensions>
					<swisstopo:routepoint_id>1239648388</swisstopo:routepoint_id>
				</extensions>
			</trkpt>
			<trkpt lat="46.5235597523" lon="7.6217407121">
				<ele>1718.6</ele>
				<time>1970-01-01T01:00:00+01:00</time>
				<extensions>
					<swisstopo:routepoint_id>1399106690</swisstopo:routepoint_id>
				</extensions>
			</trkpt>
			<trkpt lat="46.5235613646" lon="7.6216556552">
				<ele>1717.3</ele>
				<time>1970-01-01T01:00:00+01:00</time>
				<extensions>
					<swisstopo:routepoint_id>1103077319</swisstopo:routepoint_id>
				</extensions>
			</trkpt>
			<trkpt lat="46.5235453406" lon="7.6215790483">
				<ele>1716.7</ele>
				<time>1970-01-01T01:00:00+01:00</time>
				<extensions>
					<swisstopo:routepoint_id>75103162</swisstopo:routepoint_id>
				</extensions>
			</trkpt>
			<trkpt lat="46.5235366060" lon="7.6215343439">
				<ele>1716.0</ele>
				<time>1970-01-01T01:00:00+01:00</time>
				<extensions>
					<swisstopo:routepoint_id>2103875025</swisstopo:routepoint_id>
				</extensions>
			</trkpt>
			<trkpt lat="46.5235454432" lon="7.6215152420">
				<ele>1715.1</ele>
				<time>1970-01-01T01:00:00+01:00</time>
				<extensions>
					<swisstopo:routepoint_id>442797110</swisstopo:routepoint_id>
				</extensions>
			</trkpt>
			<trkpt lat="46.5235791901" lon="7.6215238527">
				<ele>1713.5</ele>
				<time>1970-01-01T01:00:00+01:00</time>
				<extensions>
					<swisstopo:routepoint_id>561812451</swisstopo:routepoint_id>
				</extensions>
			</trkpt>
			<trkpt lat="46.5236876393" lon="7.6216369372">
				<ele>1709.3</ele>
				<time>1970-01-01T01:00:00+01:00</time>
				<extensions>
					<swisstopo:routepoint_id>268819095</swisstopo:routepoint_id>
				</extensions>
			</trkpt>
			<trkpt lat="46.5238166859" lon="7.6217181874">
				<ele>1704.6</ele>
				<time>1970-01-01T01:00:00+01:00</time>
				<extensions>
					<swisstopo:routepoint_id>299061668</swisstopo:routepoint_id>
				</extensions>
			</trkpt>
			<trkpt lat="46.5238958943" lon="7.6217503587">
				<ele>1701.8</ele>
				<time>1970-01-01T01:00:00+01:00</time>
				<extensions>
					<swisstopo:routepoint_id>2139382464</swisstopo:routepoint_id>
				</extensions>
			</trkpt>
			<trkpt lat="46.5239824925" lon="7.6217634230">
				<ele>1698.9</ele>
				<time>1970-01-01T01:00:00+01:00</time>
				<extensions>
					<swisstopo:routepoint_id>137026572</swisstopo:routepoint_id>
				</extensions>
			</trkpt>
			<trkpt lat="46.5240691030" lon="7.6217573300">
				<ele>1695.9</ele>
				<time>1970-01-01T01:00:00+01:00</time>
				<extensions>
					<swisstopo:routepoint_id>1351381673</swisstopo:routepoint_id>
				</extensions>
			</trkpt>
			<trkpt lat="46.5241689682" lon="7.6217321370">
				<ele>1693.3</ele>
				<time>1970-01-01T01:00:00+01:00</time>
				<extensions>
					<swisstopo:routepoint_id>1198450460</swisstopo:routepoint_id>
				</extensions>
			</trkpt>
			<trkpt lat="46.5241910077" lon="7.6217152040">
				<ele>1692.6</ele>
				<time>1970-01-01T01:00:00+01:00</time>
				<extensions>
					<swisstopo:routepoint_id>515194385</swisstopo:routepoint_id>
				</extensions>
			</trkpt>
			<trkpt lat="46.5241910557" lon="7.6216854243">
				<ele>1692.2</ele>
				<time>1970-01-01T01:00:00+01:00</time>
				<extensions>
					<swisstopo:routepoint_id>1775555875</swisstopo:routepoint_id>
				</extensions>
			</trkpt>
			<trkpt lat="46.5241705645" lon="7.6216513403">
				<ele>1691.3</ele>
				<time>1970-01-01T01:00:00+01:00</time>
				<extensions>
					<swisstopo:routepoint_id>1882830436</swisstopo:routepoint_id>
				</extensions>
			</trkpt>
			<trkpt lat="46.5241457456" lon="7.6215619311">
				<ele>1688.8</ele>
				<time>1970-01-01T01:00:00+01:00</time>
				<extensions>
					<swisstopo:routepoint_id>47435872</swisstopo:routepoint_id>
				</extensions>
			</trkpt>
			<trkpt lat="46.5241312515" lon="7.6214512876">
				<ele>1685.6</ele>
				<time>1970-01-01T01:00:00+01:00</time>
				<extensions>
					<swisstopo:routepoint_id>1525835329</swisstopo:routepoint_id>
				</extensions>
			</trkpt>
			<trkpt lat="46.5241314532" lon="7.6213258109">
				<ele>1682.0</ele>
				<time>1970-01-01T01:00:00+01:00</time>
				<extensions>
					<swisstopo:routepoint_id>1540280236</swisstopo:routepoint_id>
				</extensions>
			</trkpt>
			<trkpt lat="46.5241403829" lon="7.6212492747">
				<ele>1680.2</ele>
				<time>1970-01-01T01:00:00+01:00</time>
				<extensions>
					<swisstopo:routepoint_id>818352511</swisstopo:routepoint_id>
				</extensions>
			</trkpt>
			<trkpt lat="46.5241529409" lon="7.6212268099">
				<ele>1679.5</ele>
				<time>1970-01-01T01:00:00+01:00</time>
				<extensions>
					<swisstopo:routepoint_id>1223484999</swisstopo:routepoint_id>
				</extensions>
			</trkpt>
			<trkpt lat="46.5242008949" lon="7.6211886557">
				<ele>1676.6</ele>
				<time>1970-01-01T01:00:00+01:00</time>
				<extensions>
					<swisstopo:routepoint_id>67035654</swisstopo:routepoint_id>
				</extensions>
			</trkpt>
			<trkpt lat="46.5242213606" lon="7.6210985657">
				<ele>1674.0</ele>
				<time>1970-01-01T01:00:00+01:00</time>
				<extensions>
					<swisstopo:routepoint_id>2029279650</swisstopo:routepoint_id>
				</extensions>
			</trkpt>
			<trkpt lat="46.5242258025" lon="7.6210773112">
				<ele>1673.1</ele>
				<time>1970-01-01T01:00:00+01:00</time>
				<extensions>
					<swisstopo:routepoint_id>693622420</swisstopo:routepoint_id>
				</extensions>
			</trkpt>
			<trkpt lat="46.5242625316" lon="7.6210604275">
				<ele>1671.4</ele>
				<time>1970-01-01T01:00:00+01:00</time>
				<extensions>
					<swisstopo:routepoint_id>325384156</swisstopo:routepoint_id>
				</extensions>
			</trkpt>
			<trkpt lat="46.5242831355" lon="7.6210243311">
				<ele>1669.7</ele>
				<time>1970-01-01T01:00:00+01:00</time>
				<extensions>
					<swisstopo:routepoint_id>1023509696</swisstopo:routepoint_id>
				</extensions>
			</trkpt>
			<trkpt lat="46.5243273827" lon="7.6208968911">
				<ele>1665.1</ele>
				<time>1970-01-01T01:00:00+01:00</time>
				<extensions>
					<swisstopo:routepoint_id>557608304</swisstopo:routepoint_id>
				</extensions>
			</trkpt>
			<trkpt lat="46.5243465135" lon="7.6208650381">
				<ele>1663.9</ele>
				<time>1970-01-01T01:00:00+01:00</time>
				<extensions>
					<swisstopo:routepoint_id>2083056935</swisstopo:routepoint_id>
				</extensions>
			</trkpt>
			<trkpt lat="46.5243773629" lon="7.6208460233">
				<ele>1662.0</ele>
				<time>1970-01-01T01:00:00+01:00</time>
				<extensions>
					<swisstopo:routepoint_id>214953964</swisstopo:routepoint_id>
				</extensions>
			</trkpt>
			<trkpt lat="46.5244464270" lon="7.6208037173">
				<ele>1658.8</ele>
				<time>1970-01-01T01:00:00+01:00</time>
				<extensions>
					<swisstopo:routepoint_id>1280297544</swisstopo:routepoint_id>
				</extensions>
			</trkpt>
			<trkpt lat="46.5245170291" lon="7.6207167527">
				<ele>1653.7</ele>
				<time>1970-01-01T01:00:00+01:00</time>
				<extensions>
					<swisstopo:routepoint_id>1950972561</swisstopo:routepoint_id>
				</extensions>
			</trkpt>
			<trkpt lat="46.5245876119" lon="7.6206361618">
				<ele>1649.5</ele>
				<time>1970-01-01T01:00:00+01:00</time>
				<extensions>
					<swisstopo:routepoint_id>1164545226</swisstopo:routepoint_id>
				</extensions>
			</trkpt>
			<trkpt lat="46.5246332361" lon="7.6205640228">
				<ele>1646.5</ele>
				<time>1970-01-01T01:00:00+01:00</time>
				<extensions>
					<swisstopo:routepoint_id>1442715313</swisstopo:routepoint_id>
				</extensions>
			</trkpt>
			<trkpt lat="46.5246509369" lon="7.6205151572">
				<ele>1645.1</ele>
				<time>1970-01-01T01:00:00+01:00</time>
				<extensions>
					<swisstopo:routepoint_id>660280208</swisstopo:routepoint_id>
				</extensions>
			</trkpt>
			<trkpt lat="46.5246627270" lon="7.6204833063">
				<ele>1644.1</ele>
				<time>1970-01-01T01:00:00+01:00</time>
				<extensions>
					<swisstopo:routepoint_id>1660774359</swisstopo:routepoint_id>
				</extensions>
			</trkpt>
			<trkpt lat="46.5246994493" lon="7.6204706705">
				<ele>1642.9</ele>
				<time>1970-01-01T01:00:00+01:00</time>
				<extensions>
					<swisstopo:routepoint_id>1835055930</swisstopo:routepoint_id>
				</extensions>
			</trkpt>
			<trkpt lat="46.5247434862" lon="7.6204686810">
				<ele>1641.8</ele>
				<time>1970-01-01T01:00:00+01:00</time>
				<extensions>
					<swisstopo:routepoint_id>143735442</swisstopo:routepoint_id>
				</extensions>
			</trkpt>
			<trkpt lat="46.5247624146" lon="7.6204677542">
				<ele>1641.8</ele>
				<time>1970-01-01T01:00:00+01:00</time>
				<extensions>
					<swisstopo:routepoint_id>569913635</swisstopo:routepoint_id>
				</extensions>
			</trkpt>
			<trkpt lat="46.5247524153" lon="7.6203921565">
				<ele>1639.9</ele>
				<time>1970-01-01T01:00:00+01:00</time>
				<extensions>
					<swisstopo:routepoint_id>131792523</swisstopo:routepoint_id>
				</extensions>
			</trkpt>
			<trkpt lat="46.5247510103" lon="7.6203538745">
				<ele>1638.8</ele>
				<time>1970-01-01T01:00:00+01:00</time>
				<extensions>
					<swisstopo:routepoint_id>1095163643</swisstopo:routepoint_id>
				</extensions>
			</trkpt>
			<trkpt lat="46.5247804533" lon="7.6203029378">
				<ele>1637.0</ele>
				<time>1970-01-01T01:00:00+01:00</time>
				<extensions>
					<swisstopo:routepoint_id>940932004</swisstopo:routepoint_id>
				</extensions>
			</trkpt>
			<trkpt lat="46.5248643012" lon="7.6201904982">
				<ele>1633.3</ele>
				<time>1970-01-01T01:00:00+01:00</time>
				<extensions>
					<swisstopo:routepoint_id>1769315834</swisstopo:routepoint_id>
				</extensions>
			</trkpt>
			<trkpt lat="46.5249290523" lon="7.6200886168">
				<ele>1630.6</ele>
				<time>1970-01-01T01:00:00+01:00</time>
				<extensions>
					<swisstopo:routepoint_id>1723309446</swisstopo:routepoint_id>
				</extensions>
			</trkpt>
			<trkpt lat="46.5249644588" lon="7.6199760152">
				<ele>1627.4</ele>
				<time>1970-01-01T01:00:00+01:00</time>
				<extensions>
					<swisstopo:routepoint_id>1463103671</swisstopo:routepoint_id>
				</extensions>
			</trkpt>
			<trkpt lat="46.5249851968" lon="7.6198612525">
				<ele>1624.8</ele>
				<time>1970-01-01T01:00:00+01:00</time>
				<extensions>
					<swisstopo:routepoint_id>467758513</swisstopo:routepoint_id>
				</extensions>
			</trkpt>
			<trkpt lat="46.5249912980" lon="7.6197187731">
				<ele>1620.8</ele>
				<time>1970-01-01T01:00:00+01:00</time>
				<extensions>
					<swisstopo:routepoint_id>249720545</swisstopo:routepoint_id>
				</extensions>
			</trkpt>
			<trkpt lat="46.5249900393" lon="7.6195826678">
				<ele>1616.6</ele>
				<time>1970-01-01T01:00:00+01:00</time>
				<extensions>
					<swisstopo:routepoint_id>342550200</swisstopo:routepoint_id>
				</extensions>
			</trkpt>
			<trkpt lat="46.5250033317" lon="7.6195338003">
				<ele>1615.6</ele>
				<time>1970-01-01T01:00:00+01:00</time>
				<extensions>
					<swisstopo:routepoint_id>1376567009</swisstopo:routepoint_id>
				</extensions>
			</trkpt>
			<trkpt lat="46.5250342778" lon="7.6194594727">
				<ele>1613.9</ele>
				<time>1970-01-01T01:00:00+01:00</time>
				<extensions>
					<swisstopo:routepoint_id>302350330</swisstopo:routepoint_id>
				</extensions>
			</trkpt>
			<trkpt lat="46.5250667513" lon="7.6193468607">
				<ele>1611.5</ele>
				<time>1970-01-01T01:00:00+01:00</time>
				<extensions>
					<swisstopo:routepoint_id>1473244582</swisstopo:routepoint_id>
				</extensions>
			</trkpt>
			<trkpt lat="46.5251006873" lon="7.6192363781">
				<ele>1608.3</ele>
				<time>1970-01-01T01:00:00+01:00</time>
				<extensions>
					<swisstopo:routepoint_id>936556508</swisstopo:routepoint_id>
				</extensions>
			</trkpt>
			<trkpt lat="46.5251007717" lon="7.6191832170">
				<ele>1606.3</ele>
				<time>1970-01-01T01:00:00+01:00</time>
				<extensions>
					<swisstopo:routepoint_id>529862579</swisstopo:routepoint_id>
				</extensions>
			</trkpt>
			<trkpt lat="46.5250935618" lon="7.6191066254">
				<ele>1604.4</ele>
				<time>1970-01-01T01:00:00+01:00</time>
				<extensions>
					<swisstopo:routepoint_id>1889135146</swisstopo:routepoint_id>
				</extensions>
			</trkpt>
			<trkpt lat="46.5250892722" lon="7.6190321808">
				<ele>1602.5</ele>
				<time>1970-01-01T01:00:00+01:00</time>
				<extensions>
					<swisstopo:routepoint_id>1005769954</swisstopo:routepoint_id>
				</extensions>
			</trkpt>
			<trkpt lat="46.5251128641" lon="7.6189663270">
				<ele>1600.3</ele>
				<time>1970-01-01T01:00:00+01:00</time>
				<extensions>
					<swisstopo:routepoint_id>136014116</swisstopo:routepoint_id>
				</extensions>
			</trkpt>
			<trkpt lat="46.5251614032" lon="7.6189048174">
				<ele>1599.7</ele>
				<time>1970-01-01T01:00:00+01:00</time>
				<extensions>
					<swisstopo:routepoint_id>389810868</swisstopo:routepoint_id>
				</extensions>
			</trkpt>
			<trkpt lat="46.5252128579" lon="7.6188539383">
				<ele>1598.3</ele>
				<time>1970-01-01T01:00:00+01:00</time>
				<extensions>
					<swisstopo:routepoint_id>808555732</swisstopo:routepoint_id>
				</extensions>
			</trkpt>
			<trkpt lat="46.5252364386" lon="7.6188008434">
				<ele>1596.6</ele>
				<time>1970-01-01T01:00:00+01:00</time>
				<extensions>
					<swisstopo:routepoint_id>1424794408</swisstopo:routepoint_id>
				</extensions>
			</trkpt>
			<trkpt lat="46.5252512586" lon="7.6187073171">
				<ele>1594.5</ele>
				<time>1970-01-01T01:00:00+01:00</time>
				<extensions>
					<swisstopo:routepoint_id>132084374</swisstopo:routepoint_id>
				</extensions>
			</trkpt>
			<trkpt lat="46.5252719145" lon="7.6186435898">
				<ele>1591.6</ele>
				<time>1970-01-01T01:00:00+01:00</time>
				<extensions>
					<swisstopo:routepoint_id>1197892386</swisstopo:routepoint_id>
				</extensions>
			</trkpt>
			<trkpt lat="46.5252911321" lon="7.6185564512">
				<ele>1588.5</ele>
				<time>1970-01-01T01:00:00+01:00</time>
				<extensions>
					<swisstopo:routepoint_id>1985065879</swisstopo:routepoint_id>
				</extensions>
			</trkpt>
			<trkpt lat="46.5252853914" lon="7.6184777522">
				<ele>1585.9</ele>
				<time>1970-01-01T01:00:00+01:00</time>
				<extensions>
					<swisstopo:routepoint_id>1290692352</swisstopo:routepoint_id>
				</extensions>
			</trkpt>
			<trkpt lat="46.5252855528" lon="7.6183756668">
				<ele>1581.7</ele>
				<time>1970-01-01T01:00:00+01:00</time>
				<extensions>
					<swisstopo:routepoint_id>1651254515</swisstopo:routepoint_id>
				</extensions>
			</trkpt>
			<trkpt lat="46.5252842388" lon="7.6182735893">
				<ele>1578.5</ele>
				<time>1970-01-01T01:00:00+01:00</time>
				<extensions>
					<swisstopo:routepoint_id>1755143031</swisstopo:routepoint_id>
				</extensions>
			</trkpt>
			<trkpt lat="46.5252902686" lon="7.6181693855">
				<ele>1575.0</ele>
				<time>1970-01-01T01:00:00+01:00</time>
				<extensions>
					<swisstopo:routepoint_id>516544766</swisstopo:routepoint_id>
				</extensions>
			</trkpt>
			<trkpt lat="46.5252977523" lon="7.6180843452">
				<ele>1572.7</ele>
				<time>1970-01-01T01:00:00+01:00</time>
				<extensions>
					<swisstopo:routepoint_id>1090860724</swisstopo:routepoint_id>
				</extensions>
			</trkpt>
			<trkpt lat="46.5253139899" lon="7.6180269762">
				<ele>1571.1</ele>
				<time>1970-01-01T01:00:00+01:00</time>
				<extensions>
					<swisstopo:routepoint_id>1703263406</swisstopo:routepoint_id>
				</extensions>
			</trkpt>
			<trkpt lat="46.5253420261" lon="7.6179377419">
				<ele>1569.5</ele>
				<time>1970-01-01T01:00:00+01:00</time>
				<extensions>
					<swisstopo:routepoint_id>1196055447</swisstopo:routepoint_id>
				</extensions>
			</trkpt>
			<trkpt lat="46.5253788028" lon="7.6178847024">
				<ele>1567.9</ele>
				<time>1970-01-01T01:00:00+01:00</time>
				<extensions>
					<swisstopo:routepoint_id>1776465279</swisstopo:routepoint_id>
				</extensions>
			</trkpt>
			<trkpt lat="46.5254464208" lon="7.6178232546">
				<ele>1565.8</ele>
				<time>1970-01-01T01:00:00+01:00</time>
				<extensions>
					<swisstopo:routepoint_id>509960337</swisstopo:routepoint_id>
				</extensions>
			</trkpt>
			<trkpt lat="46.5255067242" lon="7.6177511345">
				<ele>1563.4</ele>
				<time>1970-01-01T01:00:00+01:00</time>
				<extensions>
					<swisstopo:routepoint_id>1519337845</swisstopo:routepoint_id>
				</extensions>
			</trkpt>
			<trkpt lat="46.5255406152" lon="7.6176683054">
				<ele>1561.1</ele>
				<time>1970-01-01T01:00:00+01:00</time>
				<extensions>
					<swisstopo:routepoint_id>1625311980</swisstopo:routepoint_id>
				</extensions>
			</trkpt>
			<trkpt lat="46.5255554433" lon="7.6175747782">
				<ele>1558.2</ele>
				<time>1970-01-01T01:00:00+01:00</time>
				<extensions>
					<swisstopo:routepoint_id>1301557321</swisstopo:routepoint_id>
				</extensions>
			</trkpt>
			<trkpt lat="46.5255834702" lon="7.6174855432">
				<ele>1555.4</ele>
				<time>1970-01-01T01:00:00+01:00</time>
				<extensions>
					<swisstopo:routepoint_id>1473588900</swisstopo:routepoint_id>
				</extensions>
			</trkpt>
			<trkpt lat="46.5256026602" lon="7.6174154242">
				<ele>1553.2</ele>
				<time>1970-01-01T01:00:00+01:00</time>
				<extensions>
					<swisstopo:routepoint_id>1120553471</swisstopo:routepoint_id>
				</extensions>
			</trkpt>
			<trkpt lat="46.5256086646" lon="7.6173325154">
				<ele>1549.6</ele>
				<time>1970-01-01T01:00:00+01:00</time>
				<extensions>
					<swisstopo:routepoint_id>1238675152</swisstopo:routepoint_id>
				</extensions>
			</trkpt>
			<trkpt lat="46.5256118433" lon="7.6171815134">
				<ele>1544.1</ele>
				<time>1970-01-01T01:00:00+01:00</time>
				<extensions>
					<swisstopo:routepoint_id>2094853863</swisstopo:routepoint_id>
				</extensions>
			</trkpt>
			<trkpt lat="46.5256047033" lon="7.6170538848">
				<ele>1540.1</ele>
				<time>1970-01-01T01:00:00+01:00</time>
				<extensions>
					<swisstopo:routepoint_id>1016789265</swisstopo:routepoint_id>
				</extensions>
			</trkpt>
			<trkpt lat="46.5255813892" lon="7.6169432236">
				<ele>1535.6</ele>
				<time>1970-01-01T01:00:00+01:00</time>
				<extensions>
					<swisstopo:routepoint_id>440010500</swisstopo:routepoint_id>
				</extensions>
			</trkpt>
			<trkpt lat="46.5255697934" lon="7.6168517335">
				<ele>1532.5</ele>
				<time>1970-01-01T01:00:00+01:00</time>
				<extensions>
					<swisstopo:routepoint_id>1919971399</swisstopo:routepoint_id>
				</extensions>
			</trkpt>
			<trkpt lat="46.5255654455" lon="7.6168134287">
				<ele>1531.9</ele>
				<time>1970-01-01T01:00:00+01:00</time>
				<extensions>
					<swisstopo:routepoint_id>1731593084</swisstopo:routepoint_id>
				</extensions>
			</trkpt>
			<trkpt lat="46.5255405484" lon="7.6167771937">
				<ele>1531.0</ele>
				<time>1970-01-01T01:00:00+01:00</time>
				<extensions>
					<swisstopo:routepoint_id>2078270202</swisstopo:routepoint_id>
				</extensions>
			</trkpt>
			<trkpt lat="46.5254862754" lon="7.6167557585">
				<ele>1530.6</ele>
				<time>1970-01-01T01:00:00+01:00</time>
				<extensions>
					<swisstopo:routepoint_id>393848462</swisstopo:routepoint_id>
				</extensions>
			</trkpt>
			<trkpt lat="46.5254128947" lon="7.6167406337">
				<ele>1530.1</ele>
				<time>1970-01-01T01:00:00+01:00</time>
				<extensions>
					<swisstopo:routepoint_id>1499324277</swisstopo:routepoint_id>
				</extensions>
			</trkpt>
			<trkpt lat="46.5254012288" lon="7.6166938074">
				<ele>1529.1</ele>
				<time>1970-01-01T01:00:00+01:00</time>
				<extensions>
					<swisstopo:routepoint_id>197214222</swisstopo:routepoint_id>
				</extensions>
			</trkpt>
			<trkpt lat="46.5254366186" lon="7.6165896997">
				<ele>1526.9</ele>
				<time>1970-01-01T01:00:00+01:00</time>
				<extensions>
					<swisstopo:routepoint_id>858703356</swisstopo:routepoint_id>
				</extensions>
			</trkpt>
			<trkpt lat="46.5254353995" lon="7.6164259376">
				<ele>1523.6</ele>
				<time>1970-01-01T01:00:00+01:00</time>
				<extensions>
					<swisstopo:routepoint_id>257726494</swisstopo:routepoint_id>
				</extensions>
			</trkpt>
			<trkpt lat="46.5254195117" lon="7.6162600031">
				<ele>1519.9</ele>
				<time>1970-01-01T01:00:00+01:00</time>
				<extensions>
					<swisstopo:routepoint_id>1758146994</swisstopo:routepoint_id>
				</extensions>
			</trkpt>
			<trkpt lat="46.5253889286" lon="7.6161088909">
				<ele>1516.2</ele>
				<time>1970-01-01T01:00:00+01:00</time>
				<extensions>
					<swisstopo:routepoint_id>1587212177</swisstopo:routepoint_id>
				</extensions>
			</trkpt>
			<trkpt lat="46.5253744544" lon="7.6159706172">
				<ele>1512.8</ele>
				<time>1970-01-01T01:00:00+01:00</time>
				<extensions>
					<swisstopo:routepoint_id>988875670</swisstopo:routepoint_id>
				</extensions>
			</trkpt>
			<trkpt lat="46.5253834625" lon="7.6158472907">
				<ele>1510.1</ele>
				<time>1970-01-01T01:00:00+01:00</time>
				<extensions>
					<swisstopo:routepoint_id>1694121518</swisstopo:routepoint_id>
				</extensions>
			</trkpt>
			<trkpt lat="46.5254292460" lon="7.6156709231">
				<ele>1505.4</ele>
				<time>1970-01-01T01:00:00+01:00</time>
				<extensions>
					<swisstopo:routepoint_id>229922848</swisstopo:routepoint_id>
				</extensions>
			</trkpt>
			<trkpt lat="46.5254822085" lon="7.6155924169">
				<ele>1503.5</ele>
				<time>1970-01-01T01:00:00+01:00</time>
				<extensions>
					<swisstopo:routepoint_id>774147586</swisstopo:routepoint_id>
				</extensions>
			</trkpt>
			<trkpt lat="46.5255264064" lon="7.6154925987">
				<ele>1500.5</ele>
				<time>1970-01-01T01:00:00+01:00</time>
				<extensions>
					<swisstopo:routepoint_id>560393791</swisstopo:routepoint_id>
				</extensions>
			</trkpt>
			<trkpt lat="46.5255677188" lon="7.6153566179">
				<ele>1497.3</ele>
				<time>1970-01-01T01:00:00+01:00</time>
				<extensions>
					<swisstopo:routepoint_id>51879624</swisstopo:routepoint_id>
				</extensions>
			</trkpt>
			<trkpt lat="46.5256237218" lon="7.6152142988">
				<ele>1493.8</ele>
				<time>1970-01-01T01:00:00+01:00</time>
				<extensions>
					<swisstopo:routepoint_id>1467972966</swisstopo:routepoint_id>
				</extensions>
			</trkpt>
			<trkpt lat="46.5256855985" lon="7.6150720244">
				<ele>1490.6</ele>
				<time>1970-01-01T01:00:00+01:00</time>
				<extensions>
					<swisstopo:routepoint_id>1461879093</swisstopo:routepoint_id>
				</extensions>
			</trkpt>
			<trkpt lat="46.5257430840" lon="7.6149190745">
				<ele>1487.8</ele>
				<time>1970-01-01T01:00:00+01:00</time>
				<extensions>
					<swisstopo:routepoint_id>1193303069</swisstopo:routepoint_id>
				</extensions>
			</trkpt>
			<trkpt lat="46.5257712174" lon="7.6147596557">
				<ele>1485.1</ele>
				<time>1970-01-01T01:00:00+01:00</time>
				<extensions>
					<swisstopo:routepoint_id>1824201250</swisstopo:routepoint_id>
				</extensions>
			</trkpt>
			<trkpt lat="46.5257978218" lon="7.6146406600">
				<ele>1482.6</ele>
				<time>1970-01-01T01:00:00+01:00</time>
				<extensions>
					<swisstopo:routepoint_id>151153298</swisstopo:routepoint_id>
				</extensions>
			</trkpt>
			<trkpt lat="46.5258508189" lon="7.6145451181">
				<ele>1480.1</ele>
				<time>1970-01-01T01:00:00+01:00</time>
				<extensions>
					<swisstopo:routepoint_id>1355886664</swisstopo:routepoint_id>
				</extensions>
			</trkpt>
			<trkpt lat="46.5258920085" lon="7.6144878284">
				<ele>1478.3</ele>
				<time>1970-01-01T01:00:00+01:00</time>
				<extensions>
					<swisstopo:routepoint_id>45748944</swisstopo:routepoint_id>
				</extensions>
			</trkpt>
			<trkpt lat="46.5259228594" lon="7.6144730449">
				<ele>1476.9</ele>
				<time>1970-01-01T01:00:00+01:00</time>
				<extensions>
					<swisstopo:routepoint_id>504758509</swisstopo:routepoint_id>
				</extensions>
			</trkpt>
			<trkpt lat="46.5259903564" lon="7.6144945339">
				<ele>1475.5</ele>
				<time>1970-01-01T01:00:00+01:00</time>
				<extensions>
					<swisstopo:routepoint_id>62882168</swisstopo:routepoint_id>
				</extensions>
			</trkpt>
			<trkpt lat="46.5260138373" lon="7.6144988590">
				<ele>1475.1</ele>
				<time>1970-01-01T01:00:00+01:00</time>
				<extensions>
					<swisstopo:routepoint_id>1526218685</swisstopo:routepoint_id>
				</extensions>
			</trkpt>
			<trkpt lat="46.5260386481" lon="7.6144808236">
				<ele>1475.3</ele>
				<time>1970-01-01T01:00:00+01:00</time>
				<extensions>
					<swisstopo:routepoint_id>103764206</swisstopo:routepoint_id>
				</extensions>
			</trkpt>
			<trkpt lat="46.5260059984" lon="7.6144314006">
				<ele>1474.6</ele>
				<time>1970-01-01T01:00:00+01:00</time>
				<extensions>
					<swisstopo:routepoint_id>798664652</swisstopo:routepoint_id>
				</extensions>
			</trkpt>
			<trkpt lat="46.5259838168" lon="7.6143896101">
				<ele>1474.0</ele>
				<time>1970-01-01T01:00:00+01:00</time>
				<extensions>
					<swisstopo:routepoint_id>174882464</swisstopo:routepoint_id>
				</extensions>
			</trkpt>
			<trkpt lat="46.5259616468" lon="7.6143345389">
				<ele>1473.3</ele>
				<time>1970-01-01T01:00:00+01:00</time>
				<extensions>
					<swisstopo:routepoint_id>1432679829</swisstopo:routepoint_id>
				</extensions>
			</trkpt>
			<trkpt lat="46.5259512489" lon="7.6142813957">
				<ele>1472.6</ele>
				<time>1970-01-01T01:00:00+01:00</time>
				<extensions>
					<swisstopo:routepoint_id>509223946</swisstopo:routepoint_id>
				</extensions>
			</trkpt>
			<trkpt lat="46.5259474382" lon="7.6142093107">
				<ele>1471.4</ele>
				<time>1970-01-01T01:00:00+01:00</time>
				<extensions>
					<swisstopo:routepoint_id>1526122936</swisstopo:routepoint_id>
				</extensions>
			</trkpt>
			<trkpt lat="46.5259501145" lon="7.6141713935">
				<ele>1470.9</ele>
				<time>1970-01-01T01:00:00+01:00</time>
				<extensions>
					<swisstopo:routepoint_id>232268807</swisstopo:routepoint_id>
				</extensions>
			</trkpt>
			<trkpt lat="46.5259763589" lon="7.6141278440">
				<ele>1469.8</ele>
				<time>1970-01-01T01:00:00+01:00</time>
				<extensions>
					<swisstopo:routepoint_id>1881055980</swisstopo:routepoint_id>
				</extensions>
			</trkpt>
			<trkpt lat="46.5260248499" lon="7.6140957705">
				<ele>1468.8</ele>
				<time>1970-01-01T01:00:00+01:00</time>
				<extensions>
					<swisstopo:routepoint_id>1682628754</swisstopo:routepoint_id>
				</extensions>
			</trkpt>
			<trkpt lat="46.5260720040" lon="7.6140788498">
				<ele>1468.2</ele>
				<time>1970-01-01T01:00:00+01:00</time>
				<extensions>
					<swisstopo:routepoint_id>1241597783</swisstopo:routepoint_id>
				</extensions>
			</trkpt>
			<trkpt lat="46.5261505796" lon="7.6140563357">
				<ele>1466.7</ele>
				<time>1970-01-01T01:00:00+01:00</time>
				<extensions>
					<swisstopo:routepoint_id>586550876</swisstopo:routepoint_id>
				</extensions>
			</trkpt>
			<trkpt lat="46.5262108223" lon="7.6140394835">
				<ele>1465.7</ele>
				<time>1970-01-01T01:00:00+01:00</time>
				<extensions>
					<swisstopo:routepoint_id>1418974827</swisstopo:routepoint_id>
				</extensions>
			</trkpt>
			<trkpt lat="46.5262422758" lon="7.6140130241">
				<ele>1465.1</ele>
				<time>1970-01-01T01:00:00+01:00</time>
				<extensions>
					<swisstopo:routepoint_id>1416334472</swisstopo:routepoint_id>
				</extensions>
			</trkpt>
			<trkpt lat="46.5262632880" lon="7.6139732630">
				<ele>1464.2</ele>
				<time>1970-01-01T01:00:00+01:00</time>
				<extensions>
					<swisstopo:routepoint_id>64025475</swisstopo:routepoint_id>
				</extensions>
			</trkpt>
			<trkpt lat="46.5262790674" lon="7.6139258997">
				<ele>1463.4</ele>
				<time>1970-01-01T01:00:00+01:00</time>
				<extensions>
					<swisstopo:routepoint_id>1357289329</swisstopo:routepoint_id>
				</extensions>
			</trkpt>
			<trkpt lat="46.5262869965" lon="7.6138766212">
				<ele>1462.8</ele>
				<time>1970-01-01T01:00:00+01:00</time>
				<extensions>
					<swisstopo:routepoint_id>214728083</swisstopo:routepoint_id>
				</extensions>
			</trkpt>
			<trkpt lat="46.5262805383" lon="7.6138177952">
				<ele>1462.1</ele>
				<time>1970-01-01T01:00:00+01:00</time>
				<extensions>
					<swisstopo:routepoint_id>1133727727</swisstopo:routepoint_id>
				</extensions>
			</trkpt>
			<trkpt lat="46.5262662415" lon="7.6137494816">
				<ele>1461.1</ele>
				<time>1970-01-01T01:00:00+01:00</time>
				<extensions>
					<swisstopo:routepoint_id>178043223</swisstopo:routepoint_id>
				</extensions>
			</trkpt>
			<trkpt lat="46.5262624333" lon="7.6136755066">
				<ele>1460.0</ele>
				<time>1970-01-01T01:00:00+01:00</time>
				<extensions>
					<swisstopo:routepoint_id>1453658268</swisstopo:routepoint_id>
				</extensions>
			</trkpt>
			<trkpt lat="46.5262690753" lon="7.6136091376">
				<ele>1459.5</ele>
				<time>1970-01-01T01:00:00+01:00</time>
				<extensions>
					<swisstopo:routepoint_id>1245998346</swisstopo:routepoint_id>
				</extensions>
			</trkpt>
			<trkpt lat="46.5262848545" lon="7.6135617742">
				<ele>1458.8</ele>
				<time>1970-01-01T01:00:00+01:00</time>
				<extensions>
					<swisstopo:routepoint_id>1006060203</swisstopo:routepoint_id>
				</extensions>
			</trkpt>
			<trkpt lat="46.5263137400" lon="7.6135087577">
				<ele>1458.0</ele>
				<time>1970-01-01T01:00:00+01:00</time>
				<extensions>
					<swisstopo:routepoint_id>1791255364</swisstopo:routepoint_id>
				</extensions>
			</trkpt>
			<trkpt lat="46.5263478549" lon="7.6134538682">
				<ele>1457.1</ele>
				<time>1970-01-01T01:00:00+01:00</time>
				<extensions>
					<swisstopo:routepoint_id>1310725794</swisstopo:routepoint_id>
				</extensions>
			</trkpt>
			<trkpt lat="46.5263937600" lon="7.6134009063">
				<ele>1456.2</ele>
				<time>1970-01-01T01:00:00+01:00</time>
				<extensions>
					<swisstopo:routepoint_id>1984900053</swisstopo:routepoint_id>
				</extensions>
			</trkpt>
			<trkpt lat="46.5264409432" lon="7.6133650221">
				<ele>1455.3</ele>
				<time>1970-01-01T01:00:00+01:00</time>
				<extensions>
					<swisstopo:routepoint_id>1778452306</swisstopo:routepoint_id>
				</extensions>
			</trkpt>
			<trkpt lat="46.5264841633" lon="7.6133500039">
				<ele>1454.6</ele>
				<time>1970-01-01T01:00:00+01:00</time>
				<extensions>
					<swisstopo:routepoint_id>1793878437</swisstopo:routepoint_id>
				</extensions>
			</trkpt>
			<trkpt lat="46.5265286734" lon="7.6133501475">
				<ele>1453.7</ele>
				<time>1970-01-01T01:00:00+01:00</time>
				<extensions>
					<swisstopo:routepoint_id>1293004495</swisstopo:routepoint_id>
				</extensions>
			</trkpt>
			<trkpt lat="46.5265770969" lon="7.6133559862">
				<ele>1453.3</ele>
				<time>1970-01-01T01:00:00+01:00</time>
				<extensions>
					<swisstopo:routepoint_id>667013907</swisstopo:routepoint_id>
				</extensions>
			</trkpt>
			<trkpt lat="46.5266307645" lon="7.6133561593">
				<ele>1452.1</ele>
				<time>1970-01-01T01:00:00+01:00</time>
				<extensions>
					<swisstopo:routepoint_id>400994303</swisstopo:routepoint_id>
				</extensions>
			</trkpt>
			<trkpt lat="46.5266739642" lon="7.6133544087">
				<ele>1451.8</ele>
				<time>1970-01-01T01:00:00+01:00</time>
				<extensions>
					<swisstopo:routepoint_id>1411701164</swisstopo:routepoint_id>
				</extensions>
			</trkpt>
			<trkpt lat="46.5267067077" lon="7.6133431234">
				<ele>1451.3</ele>
				<time>1970-01-01T01:00:00+01:00</time>
				<extensions>
					<swisstopo:routepoint_id>1351336220</swisstopo:routepoint_id>
				</extensions>
			</trkpt>
			<trkpt lat="46.5267394863" lon="7.6133147907">
				<ele>1450.7</ele>
				<time>1970-01-01T01:00:00+01:00</time>
				<extensions>
					<swisstopo:routepoint_id>818568025</swisstopo:routepoint_id>
				</extensions>
			</trkpt>
			<trkpt lat="46.5267775204" lon="7.6132674985">
				<ele>1450.0</ele>
				<time>1970-01-01T01:00:00+01:00</time>
				<extensions>
					<swisstopo:routepoint_id>289440706</swisstopo:routepoint_id>
				</extensions>
			</trkpt>
			<trkpt lat="46.5268247732" lon="7.6131803936">
				<ele>1448.8</ele>
				<time>1970-01-01T01:00:00+01:00</time>
				<extensions>
					<swisstopo:routepoint_id>796243176</swisstopo:routepoint_id>
				</extensions>
			</trkpt>
			<trkpt lat="46.5269009491" lon="7.6130156384">
				<ele>1446.4</ele>
				<time>1970-01-01T01:00:00+01:00</time>
				<extensions>
					<swisstopo:routepoint_id>1200411022</swisstopo:routepoint_id>
				</extensions>
			</trkpt>
			<trkpt lat="46.5269705442" lon="7.6128774233">
				<ele>1444.5</ele>
				<time>1970-01-01T01:00:00+01:00</time>
				<extensions>
					<swisstopo:routepoint_id>775651613</swisstopo:routepoint_id>
				</extensions>
			</trkpt>
			<trkpt lat="46.5270152400" lon="7.6127504929">
				<ele>1443.0</ele>
				<time>1970-01-01T01:00:00+01:00</time>
				<extensions>
					<swisstopo:routepoint_id>1990977830</swisstopo:routepoint_id>
				</extensions>
			</trkpt>
			<trkpt lat="46.5270586925" lon="7.6125894110">
				<ele>1441.3</ele>
				<time>1970-01-01T01:00:00+01:00</time>
				<extensions>
					<swisstopo:routepoint_id>1138154671</swisstopo:routepoint_id>
				</extensions>
			</trkpt>
			<trkpt lat="46.5271087704" lon="7.6123714600">
				<ele>1439.1</ele>
				<time>1970-01-01T01:00:00+01:00</time>
				<extensions>
					<swisstopo:routepoint_id>1294505104</swisstopo:routepoint_id>
				</extensions>
			</trkpt>
			<trkpt lat="46.5271653945" lon="7.6121516396">
				<ele>1436.7</ele>
				<time>1970-01-01T01:00:00+01:00</time>
				<extensions>
					<swisstopo:routepoint_id>263653926</swisstopo:routepoint_id>
				</extensions>
			</trkpt>
			<trkpt lat="46.5271983000" lon="7.6120322562">
				<ele>1435.4</ele>
				<time>1970-01-01T01:00:00+01:00</time>
				<extensions>
					<swisstopo:routepoint_id>1972746959</swisstopo:routepoint_id>
				</extensions>
			</trkpt>
			<trkpt lat="46.5272482532" lon="7.6118977555">
				<ele>1433.6</ele>
				<time>1970-01-01T01:00:00+01:00</time>
				<extensions>
					<swisstopo:routepoint_id>522525400</swisstopo:routepoint_id>
				</extensions>
			</trkpt>
			<trkpt lat="46.5273060643" lon="7.6117632797">
				<ele>1432.0</ele>
				<time>1970-01-01T01:00:00+01:00</time>
				<extensions>
					<swisstopo:routepoint_id>61685498</swisstopo:routepoint_id>
				</extensions>
			</trkpt>
			<trkpt lat="46.5273730458" lon="7.6116155530">
				<ele>1429.9</ele>
				<time>1970-01-01T01:00:00+01:00</time>
				<extensions>
					<swisstopo:routepoint_id>1201606388</swisstopo:routepoint_id>
				</extensions>
			</trkpt>
			<trkpt lat="46.5274163955" lon="7.6115151777">
				<ele>1428.6</ele>
				<time>1970-01-01T01:00:00+01:00</time>
				<extensions>
					<swisstopo:routepoint_id>1077781396</swisstopo:routepoint_id>
				</extensions>
			</trkpt>
			<trkpt lat="46.5274584117" lon="7.6114337499">
				<ele>1427.4</ele>
				<time>1970-01-01T01:00:00+01:00</time>
				<extensions>
					<swisstopo:routepoint_id>1179246105</swisstopo:routepoint_id>
				</extensions>
			</trkpt>
			<trkpt lat="46.5274925136" lon="7.6113864553">
				<ele>1426.5</ele>
				<time>1970-01-01T01:00:00+01:00</time>
				<extensions>
					<swisstopo:routepoint_id>908553463</swisstopo:routepoint_id>
				</extensions>
			</trkpt>
			<trkpt lat="46.5275318639" lon="7.6113315548">
				<ele>1425.5</ele>
				<time>1970-01-01T01:00:00+01:00</time>
				<extensions>
					<swisstopo:routepoint_id>2035213028</swisstopo:routepoint_id>
				</extensions>
			</trkpt>
			<trkpt lat="46.5275424092" lon="7.6112879778">
				<ele>1425.0</ele>
				<time>1970-01-01T01:00:00+01:00</time>
				<extensions>
					<swisstopo:routepoint_id>1319466668</swisstopo:routepoint_id>
				</extensions>
			</trkpt>
			<trkpt lat="46.5275450644" lon="7.6112576318">
				<ele>1424.7</ele>
				<time>1970-01-01T01:00:00+01:00</time>
				<extensions>
					<swisstopo:routepoint_id>1809886552</swisstopo:routepoint_id>
				</extensions>
			</trkpt>
			<trkpt lat="46.5275294217" lon="7.6112158631">
				<ele>1424.0</ele>
				<time>1970-01-01T01:00:00+01:00</time>
				<extensions>
					<swisstopo:routepoint_id>2082756200</swisstopo:routepoint_id>
				</extensions>
			</trkpt>
			<trkpt lat="46.5275045862" lon="7.6111911364">
				<ele>1423.4</ele>
				<time>1970-01-01T01:00:00+01:00</time>
				<extensions>
					<swisstopo:routepoint_id>1168643797</swisstopo:routepoint_id>
				</extensions>
			</trkpt>
			<trkpt lat="46.5274614097" lon="7.6111834019">
				<ele>1422.7</ele>
				<time>1970-01-01T01:00:00+01:00</time>
				<extensions>
					<swisstopo:routepoint_id>12803058</swisstopo:routepoint_id>
				</extensions>
			</trkpt>
			<trkpt lat="46.5274168967" lon="7.6111851486">
				<ele>1421.7</ele>
				<time>1970-01-01T01:00:00+01:00</time>
				<extensions>
					<swisstopo:routepoint_id>1664331005</swisstopo:routepoint_id>
				</extensions>
			</trkpt>
			<trkpt lat="46.5273697487" lon="7.6112039884">
				<ele>1421.0</ele>
				<time>1970-01-01T01:00:00+01:00</time>
				<extensions>
					<swisstopo:routepoint_id>691895558</swisstopo:routepoint_id>
				</extensions>
			</trkpt>
			<trkpt lat="46.5273107738" lon="7.6112455208">
				<ele>1419.9</ele>
				<time>1970-01-01T01:00:00+01:00</time>
				<extensions>
					<swisstopo:routepoint_id>1111438398</swisstopo:routepoint_id>
				</extensions>
			</trkpt>
			<trkpt lat="46.5272347785" lon="7.6112926803">
				<ele>1418.6</ele>
				<time>1970-01-01T01:00:00+01:00</time>
				<extensions>
					<swisstopo:routepoint_id>1392884134</swisstopo:routepoint_id>
				</extensions>
			</trkpt>
			<trkpt lat="46.5271247186" lon="7.6113568182">
				<ele>1416.8</ele>
				<time>1970-01-01T01:00:00+01:00</time>
				<extensions>
					<swisstopo:routepoint_id>2028786979</swisstopo:routepoint_id>
				</extensions>
			</trkpt>
			<trkpt lat="46.5270238272" lon="7.6114133992">
				<ele>1415.2</ele>
				<time>1970-01-01T01:00:00+01:00</time>
				<extensions>
					<swisstopo:routepoint_id>1463161335</swisstopo:routepoint_id>
				</extensions>
			</trkpt>
			<trkpt lat="46.5269583161" lon="7.6114587159">
				<ele>1414.1</ele>
				<time>1970-01-01T01:00:00+01:00</time>
				<extensions>
					<swisstopo:routepoint_id>1729909926</swisstopo:routepoint_id>
				</extensions>
			</trkpt>
			<trkpt lat="46.5269098164" lon="7.6114983911">
				<ele>1413.1</ele>
				<time>1970-01-01T01:00:00+01:00</time>
				<extensions>
					<swisstopo:routepoint_id>1122260458</swisstopo:routepoint_id>
				</extensions>
			</trkpt>
			<trkpt lat="46.5268521341" lon="7.6115513040">
				<ele>1412.0</ele>
				<time>1970-01-01T01:00:00+01:00</time>
				<extensions>
					<swisstopo:routepoint_id>555093044</swisstopo:routepoint_id>
				</extensions>
			</trkpt>
			<trkpt lat="46.5267472569" lon="7.6116552745">
				<ele>1410.1</ele>
				<time>1970-01-01T01:00:00+01:00</time>
				<extensions>
					<swisstopo:routepoint_id>1765640651</swisstopo:routepoint_id>
				</extensions>
			</trkpt>
			<trkpt lat="46.5266397409" lon="7.6117630404">
				<ele>1408.0</ele>
				<time>1970-01-01T01:00:00+01:00</time>
				<extensions>
					<swisstopo:routepoint_id>1661272740</swisstopo:routepoint_id>
				</extensions>
			</trkpt>
			<trkpt lat="46.5265532408" lon="7.6118386429">
				<ele>1406.3</ele>
				<time>1970-01-01T01:00:00+01:00</time>
				<extensions>
					<swisstopo:routepoint_id>952748993</swisstopo:routepoint_id>
				</extensions>
			</trkpt>
			<trkpt lat="46.5265086758" lon="7.6118745370">
				<ele>1405.2</ele>
				<time>1970-01-01T01:00:00+01:00</time>
				<extensions>
					<swisstopo:routepoint_id>62256350</swisstopo:routepoint_id>
				</extensions>
			</trkpt>
			<trkpt lat="46.5264759206" lon="7.6118876870">
				<ele>1404.8</ele>
				<time>1970-01-01T01:00:00+01:00</time>
				<extensions>
					<swisstopo:routepoint_id>1628630157</swisstopo:routepoint_id>
				</extensions>
			</trkpt>
			<trkpt lat="46.5264471403" lon="7.6118781199">
				<ele>1404.3</ele>
				<time>1970-01-01T01:00:00+01:00</time>
				<extensions>
					<swisstopo:routepoint_id>1727323904</swisstopo:routepoint_id>
				</extensions>
			</trkpt>
			<trkpt lat="46.5264249141" lon="7.6118590856">
				<ele>1404.0</ele>
				<time>1970-01-01T01:00:00+01:00</time>
				<extensions>
					<swisstopo:routepoint_id>1312891360</swisstopo:routepoint_id>
				</extensions>
			</trkpt>
			<trkpt lat="46.5264105583" lon="7.6118286986">
				<ele>1403.6</ele>
				<time>1970-01-01T01:00:00+01:00</time>
				<extensions>
					<swisstopo:routepoint_id>771979704</swisstopo:routepoint_id>
				</extensions>
			</trkpt>
			<trkpt lat="46.5264067027" lon="7.6117850645">
				<ele>1403.0</ele>
				<time>1970-01-01T01:00:00+01:00</time>
				<extensions>
					<swisstopo:routepoint_id>201968428</swisstopo:routepoint_id>
				</extensions>
			</trkpt>
			<trkpt lat="46.5264094099" lon="7.6117262677">
				<ele>1402.1</ele>
				<time>1970-01-01T01:00:00+01:00</time>
				<extensions>
					<swisstopo:routepoint_id>771140571</swisstopo:routepoint_id>
				</extensions>
			</trkpt>
			<trkpt lat="46.5264278292" lon="7.6116694368">
				<ele>1401.3</ele>
				<time>1970-01-01T01:00:00+01:00</time>
				<extensions>
					<swisstopo:routepoint_id>1592227652</swisstopo:routepoint_id>
				</extensions>
			</trkpt>
			<trkpt lat="46.5264632841" lon="7.6115917824">
				<ele>1399.9</ele>
				<time>1970-01-01T01:00:00+01:00</time>
				<extensions>
					<swisstopo:routepoint_id>1029923041</swisstopo:routepoint_id>
				</extensions>
			</trkpt>
			<trkpt lat="46.5265158245" lon="7.6114800597">
				<ele>1397.9</ele>
				<time>1970-01-01T01:00:00+01:00</time>
				<extensions>
					<swisstopo:routepoint_id>293052925</swisstopo:routepoint_id>
				</extensions>
			</trkpt>
			<trkpt lat="46.5265630885" lon="7.6113834913">
				<ele>1396.5</ele>
				<time>1970-01-01T01:00:00+01:00</time>
				<extensions>
					<swisstopo:routepoint_id>1190052016</swisstopo:routepoint_id>
				</extensions>
			</trkpt>
			<trkpt lat="46.5265867586" lon="7.6113114946">
				<ele>1395.6</ele>
				<time>1970-01-01T01:00:00+01:00</time>
				<extensions>
					<swisstopo:routepoint_id>2007263085</swisstopo:routepoint_id>
				</extensions>
			</trkpt>
			<trkpt lat="46.5266052536" lon="7.6112053331">
				<ele>1394.1</ele>
				<time>1970-01-01T01:00:00+01:00</time>
				<extensions>
					<swisstopo:routepoint_id>1246150559</swisstopo:routepoint_id>
				</extensions>
			</trkpt>
			<trkpt lat="46.5266225014" lon="7.6110555449">
				<ele>1392.1</ele>
				<time>1970-01-01T01:00:00+01:00</time>
				<extensions>
					<swisstopo:routepoint_id>2099940476</swisstopo:routepoint_id>
				</extensions>
			</trkpt>
			<trkpt lat="46.5266357660" lon="7.6109399051">
				<ele>1390.9</ele>
				<time>1970-01-01T01:00:00+01:00</time>
				<extensions>
					<swisstopo:routepoint_id>150822871</swisstopo:routepoint_id>
				</extensions>
			</trkpt>
			<trkpt lat="46.5266503077" lon="7.6108394391">
				<ele>1389.7</ele>
				<time>1970-01-01T01:00:00+01:00</time>
				<extensions>
					<swisstopo:routepoint_id>1797083494</swisstopo:routepoint_id>
				</extensions>
			</trkpt>
			<trkpt lat="46.5266552228" lon="7.6107436613">
				<ele>1389.2</ele>
				<time>1970-01-01T01:00:00+01:00</time>
				<extensions>
					<swisstopo:routepoint_id>418425195</swisstopo:routepoint_id>
				</extensions>
			</trkpt>
			<trkpt lat="46.5266837309" lon="7.6107368709">
				<ele>1388.9</ele>
				<time>1970-01-01T01:00:00+01:00</time>
				<extensions>
					<swisstopo:routepoint_id>476748239</swisstopo:routepoint_id>
				</extensions>
			</trkpt>
			<trkpt lat="46.5267158201" lon="7.6107060191">
				<ele>1388.8</ele>
				<time>1970-01-01T01:00:00+01:00</time>
				<extensions>
					<swisstopo:routepoint_id>1048848307</swisstopo:routepoint_id>
				</extensions>
			</trkpt>
			<trkpt lat="46.5267455653" lon="7.6106596892">
				<ele>1388.8</ele>
				<time>1970-01-01T01:00:00+01:00</time>
				<extensions>
					<swisstopo:routepoint_id>271446870</swisstopo:routepoint_id>
				</extensions>
			</trkpt>
			<trkpt lat="46.5267741338" lon="7.6106013008">
				<ele>1388.1</ele>
				<time>1970-01-01T01:00:00+01:00</time>
				<extensions>
					<swisstopo:routepoint_id>810592227</swisstopo:routepoint_id>
				</extensions>
			</trkpt>
			<trkpt lat="46.5268050848" lon="7.6105446651">
				<ele>1387.5</ele>
				<time>1970-01-01T01:00:00+01:00</time>
				<extensions>
					<swisstopo:routepoint_id>1795760711</swisstopo:routepoint_id>
				</extensions>
			</trkpt>
			<trkpt lat="46.5268395747" lon="7.6105034842">
				<ele>1387.0</ele>
				<time>1970-01-01T01:00:00+01:00</time>
				<extensions>
					<swisstopo:routepoint_id>1810457856</swisstopo:routepoint_id>
				</extensions>
			</trkpt>
			<trkpt lat="46.5269049659" lon="7.6104297418">
				<ele>1386.2</ele>
				<time>1970-01-01T01:00:00+01:00</time>
				<extensions>
					<swisstopo:routepoint_id>906526520</swisstopo:routepoint_id>
				</extensions>
			</trkpt>
			<trkpt lat="46.5270191118" lon="7.6102925244">
				<ele>1384.8</ele>
				<time>1970-01-01T01:00:00+01:00</time>
				<extensions>
					<swisstopo:routepoint_id>908068290</swisstopo:routepoint_id>
				</extensions>
			</trkpt>
			<trkpt lat="46.5271332777" lon="7.6101535993">
				<ele>1383.5</ele>
				<time>1970-01-01T01:00:00+01:00</time>
				<extensions>
					<swisstopo:routepoint_id>2111752923</swisstopo:routepoint_id>
				</extensions>
			</trkpt>
			<trkpt lat="46.5271927205" lon="7.6100884397">
				<ele>1382.8</ele>
				<time>1970-01-01T01:00:00+01:00</time>
				<extensions>
					<swisstopo:routepoint_id>1608471366</swisstopo:routepoint_id>
				</extensions>
			</trkpt>
			<trkpt lat="46.5272426232" lon="7.6100559094">
				<ele>1382.6</ele>
				<time>1970-01-01T01:00:00+01:00</time>
				<extensions>
					<swisstopo:routepoint_id>1749827699</swisstopo:routepoint_id>
				</extensions>
			</trkpt>
			<trkpt lat="46.5272841963" lon="7.6100354091">
				<ele>1381.8</ele>
				<time>1970-01-01T01:00:00+01:00</time>
				<extensions>
					<swisstopo:routepoint_id>1703384300</swisstopo:routepoint_id>
				</extensions>
			</trkpt>
			<trkpt lat="46.5273269409" lon="7.6100252221">
				<ele>1381.4</ele>
				<time>1970-01-01T01:00:00+01:00</time>
				<extensions>
					<swisstopo:routepoint_id>32642583</swisstopo:routepoint_id>
				</extensions>
			</trkpt>
			<trkpt lat="46.5273910395" lon="7.6100219979">
				<ele>1380.7</ele>
				<time>1970-01-01T01:00:00+01:00</time>
				<extensions>
					<swisstopo:routepoint_id>1372908737</swisstopo:routepoint_id>
				</extensions>
			</trkpt>
			<trkpt lat="46.5274587067" lon="7.6100204778">
				<ele>1380.2</ele>
				<time>1970-01-01T01:00:00+01:00</time>
				<extensions>
					<swisstopo:routepoint_id>896848638</swisstopo:routepoint_id>
				</extensions>
			</trkpt>
			<trkpt lat="46.5275287468" lon="7.6100138311">
				<ele>1379.6</ele>
				<time>1970-01-01T01:00:00+01:00</time>
				<extensions>
					<swisstopo:routepoint_id>856650453</swisstopo:routepoint_id>
				</extensions>
			</trkpt>
			<trkpt lat="46.5275679339" lon="7.6100070741">
				<ele>1379.3</ele>
				<time>1970-01-01T01:00:00+01:00</time>
				<extensions>
					<swisstopo:routepoint_id>1525355476</swisstopo:routepoint_id>
				</extensions>
			</trkpt>
			<trkpt lat="46.5275988140" lon="7.6099899668">
				<ele>1379.0</ele>
				<time>1970-01-01T01:00:00+01:00</time>
				<extensions>
					<swisstopo:routepoint_id>541750789</swisstopo:routepoint_id>
				</extensions>
			</trkpt>
			<trkpt lat="46.5275834517" lon="7.6099469217">
				<ele>1378.1</ele>
				<time>1970-01-01T01:00:00+01:00</time>
				<extensions>
					<swisstopo:routepoint_id>1327235700</swisstopo:routepoint_id>
				</extensions>
			</trkpt>
			<trkpt lat="46.5275431372" lon="7.6099141328">
				<ele>1376.1</ele>
				<time>1970-01-01T01:00:00+01:00</time>
				<extensions>
					<swisstopo:routepoint_id>1319529035</swisstopo:routepoint_id>
				</extensions>
			</trkpt>
			<trkpt lat="46.5275182389" lon="7.6098951420">
				<ele>1375.1</ele>
				<time>1970-01-01T01:00:00+01:00</time>
				<extensions>
					<swisstopo:routepoint_id>478087646</swisstopo:routepoint_id>
				</extensions>
			</trkpt>
			<trkpt lat="46.5275265852" lon="7.6098728038">
				<ele>1374.2</ele>
				<time>1970-01-01T01:00:00+01:00</time>
				<extensions>
					<swisstopo:routepoint_id>402175636</swisstopo:routepoint_id>
				</extensions>
			</trkpt>
			<trkpt lat="46.5275492066" lon="7.6098264360">
				<ele>1373.0</ele>
				<time>1970-01-01T01:00:00+01:00</time>
				<extensions>
					<swisstopo:routepoint_id>1170143604</swisstopo:routepoint_id>
				</extensions>
			</trkpt>
			<trkpt lat="46.5275860888" lon="7.6097663781">
				<ele>1371.2</ele>
				<time>1970-01-01T01:00:00+01:00</time>
				<extensions>
					<swisstopo:routepoint_id>1194386013</swisstopo:routepoint_id>
				</extensions>
			</trkpt>
			<trkpt lat="46.5275979988" lon="7.6097371686">
				<ele>1370.5</ele>
				<time>1970-01-01T01:00:00+01:00</time>
				<extensions>
					<swisstopo:routepoint_id>1237595187</swisstopo:routepoint_id>
				</extensions>
			</trkpt>
			<trkpt lat="46.5276004061" lon="7.6097216927">
				<ele>1370.1</ele>
				<time>1970-01-01T01:00:00+01:00</time>
				<extensions>
					<swisstopo:routepoint_id>1856440214</swisstopo:routepoint_id>
				</extensions>
			</trkpt>
			<trkpt lat="46.5275897463" lon="7.6097096295">
				<ele>1369.8</ele>
				<time>1970-01-01T01:00:00+01:00</time>
				<extensions>
					<swisstopo:routepoint_id>1596550713</swisstopo:routepoint_id>
				</extensions>
			</trkpt>
			<trkpt lat="46.5275636253" lon="7.6097078256">
				<ele>1369.0</ele>
				<time>1970-01-01T01:00:00+01:00</time>
				<extensions>
					<swisstopo:routepoint_id>1681515281</swisstopo:routepoint_id>
				</extensions>
			</trkpt>
			<trkpt lat="46.5275565252" lon="7.6096974808">
				<ele>1368.7</ele>
				<time>1970-01-01T01:00:00+01:00</time>
				<extensions>
					<swisstopo:routepoint_id>1821558279</swisstopo:routepoint_id>
				</extensions>
			</trkpt>
			<trkpt lat="46.5275636667" lon="7.6096803127">
				<ele>1368.4</ele>
				<time>1970-01-01T01:00:00+01:00</time>
				<extensions>
					<swisstopo:routepoint_id>748235186</swisstopo:routepoint_id>
				</extensions>
			</trkpt>
			<trkpt lat="46.5275969773" lon="7.6096322602">
				<ele>1366.8</ele>
				<time>1970-01-01T01:00:00+01:00</time>
				<extensions>
					<swisstopo:routepoint_id>146978324</swisstopo:routepoint_id>
				</extensions>
			</trkpt>
			<trkpt lat="46.5276195532" lon="7.6096168607">
				<ele>1366.5</ele>
				<time>1970-01-01T01:00:00+01:00</time>
				<extensions>
					<swisstopo:routepoint_id>1813639660</swisstopo:routepoint_id>
				</extensions>
			</trkpt>
			<trkpt lat="46.5276255091" lon="7.6095979547">
				<ele>1365.9</ele>
				<time>1970-01-01T01:00:00+01:00</time>
				<extensions>
					<swisstopo:routepoint_id>1400571244</swisstopo:routepoint_id>
				</extensions>
			</trkpt>
			<trkpt lat="46.5276207894" lon="7.6095841761">
				<ele>1365.5</ele>
				<time>1970-01-01T01:00:00+01:00</time>
				<extensions>
					<swisstopo:routepoint_id>608472662</swisstopo:routepoint_id>
				</extensions>
			</trkpt>
			<trkpt lat="46.5275994249" lon="7.6095841087">
				<ele>1365.3</ele>
				<time>1970-01-01T01:00:00+01:00</time>
				<extensions>
					<swisstopo:routepoint_id>2051549354</swisstopo:routepoint_id>
				</extensions>
			</trkpt>
			<trkpt lat="46.5275816277" lon="7.6095806128">
				<ele>1364.9</ele>
				<time>1970-01-01T01:00:00+01:00</time>
				<extensions>
					<swisstopo:routepoint_id>887692421</swisstopo:routepoint_id>
				</extensions>
			</trkpt>
			<trkpt lat="46.5275804552" lon="7.6095651383">
				<ele>1364.3</ele>
				<time>1970-01-01T01:00:00+01:00</time>
				<extensions>
					<swisstopo:routepoint_id>1846188581</swisstopo:routepoint_id>
				</extensions>
			</trkpt>
			<trkpt lat="46.5275959236" lon="7.6095376725">
				<ele>1363.7</ele>
				<time>1970-01-01T01:00:00+01:00</time>
				<extensions>
					<swisstopo:routepoint_id>1445538802</swisstopo:routepoint_id>
				</extensions>
			</trkpt>
			<trkpt lat="46.5276339664" lon="7.6095016914">
				<ele>1362.2</ele>
				<time>1970-01-01T01:00:00+01:00</time>
				<extensions>
					<swisstopo:routepoint_id>1305724239</swisstopo:routepoint_id>
				</extensions>
			</trkpt>
			<trkpt lat="46.5276553800" lon="7.6094690704">
				<ele>1361.2</ele>
				<time>1970-01-01T01:00:00+01:00</time>
				<extensions>
					<swisstopo:routepoint_id>408368622</swisstopo:routepoint_id>
				</extensions>
			</trkpt>
			<trkpt lat="46.5276756154" lon="7.6094364600">
				<ele>1360.1</ele>
				<time>1970-01-01T01:00:00+01:00</time>
				<extensions>
					<swisstopo:routepoint_id>1575828782</swisstopo:routepoint_id>
				</extensions>
			</trkpt>
			<trkpt lat="46.5276792090" lon="7.6094089440">
				<ele>1359.2</ele>
				<time>1970-01-01T01:00:00+01:00</time>
				<extensions>
					<swisstopo:routepoint_id>376918961</swisstopo:routepoint_id>
				</extensions>
			</trkpt>
			<trkpt lat="46.5276590636" lon="7.6093882612">
				<ele>1358.4</ele>
				<time>1970-01-01T01:00:00+01:00</time>
				<extensions>
					<swisstopo:routepoint_id>806535662</swisstopo:routepoint_id>
				</extensions>
			</trkpt>
			<trkpt lat="46.5276614739" lon="7.6093641844">
				<ele>1357.5</ele>
				<time>1970-01-01T01:00:00+01:00</time>
				<extensions>
					<swisstopo:routepoint_id>1323475778</swisstopo:routepoint_id>
				</extensions>
			</trkpt>
			<trkpt lat="46.5276959534" lon="7.6093230163">
				<ele>1355.9</ele>
				<time>1970-01-01T01:00:00+01:00</time>
				<extensions>
					<swisstopo:routepoint_id>1995036909</swisstopo:routepoint_id>
				</extensions>
			</trkpt>
			<trkpt lat="46.5277411799" lon="7.6092474991">
				<ele>1354.6</ele>
				<time>1970-01-01T01:00:00+01:00</time>
				<extensions>
					<swisstopo:routepoint_id>355097849</swisstopo:routepoint_id>
				</extensions>
			</trkpt>
			<trkpt lat="46.5277665724" lon="7.6091888761">
				<ele>1353.5</ele>
				<time>1970-01-01T01:00:00+01:00</time>
				<extensions>
					<swisstopo:routepoint_id>1676898401</swisstopo:routepoint_id>
				</extensions>
			</trkpt>
			<trkpt lat="46.5278034405" lon="7.6091145590">
				<ele>1351.7</ele>
				<time>1970-01-01T01:00:00+01:00</time>
				<extensions>
					<swisstopo:routepoint_id>205826441</swisstopo:routepoint_id>
				</extensions>
			</trkpt>
			<trkpt lat="46.5278264065" lon="7.6090901411">
				<ele>1350.9</ele>
				<time>1970-01-01T01:00:00+01:00</time>
				<extensions>
					<swisstopo:routepoint_id>63663143</swisstopo:routepoint_id>
				</extensions>
			</trkpt>
			<trkpt lat="46.5278500528" lon="7.6090565627">
				<ele>1350.0</ele>
				<time>1970-01-01T01:00:00+01:00</time>
				<extensions>
					<swisstopo:routepoint_id>925060064</swisstopo:routepoint_id>
				</extensions>
			</trkpt>
			<trkpt lat="46.5278876187" lon="7.6089781683">
				<ele>1349.0</ele>
				<time>1970-01-01T01:00:00+01:00</time>
				<extensions>
					<swisstopo:routepoint_id>149385431</swisstopo:routepoint_id>
				</extensions>
			</trkpt>
			<trkpt lat="46.5279384245" lon="7.6089252809">
				<ele>1347.9</ele>
				<time>1970-01-01T01:00:00+01:00</time>
				<extensions>
					<swisstopo:routepoint_id>1431185280</swisstopo:routepoint_id>
				</extensions>
			</trkpt>
			<trkpt lat="46.5279969556" lon="7.6088613539">
				<ele>1346.7</ele>
				<time>1970-01-01T01:00:00+01:00</time>
				<extensions>
					<swisstopo:routepoint_id>1312064096</swisstopo:routepoint_id>
				</extensions>
			</trkpt>
			<trkpt lat="46.5280361970" lon="7.6088116104">
				<ele>1346.1</ele>
				<time>1970-01-01T01:00:00+01:00</time>
				<extensions>
					<swisstopo:routepoint_id>1461187038</swisstopo:routepoint_id>
				</extensions>
			</trkpt>
			<trkpt lat="46.5280588103" lon="7.6087703917">
				<ele>1345.4</ele>
				<time>1970-01-01T01:00:00+01:00</time>
				<extensions>
					<swisstopo:routepoint_id>1745318948</swisstopo:routepoint_id>
				</extensions>
			</trkpt>
			<trkpt lat="46.5280719225" lon="7.6087309012">
				<ele>1344.6</ele>
				<time>1970-01-01T01:00:00+01:00</time>
				<extensions>
					<swisstopo:routepoint_id>1703563554</swisstopo:routepoint_id>
				</extensions>
			</trkpt>
			<trkpt lat="46.5280802880" lon="7.6086947990">
				<ele>1343.8</ele>
				<time>1970-01-01T01:00:00+01:00</time>
				<extensions>
					<swisstopo:routepoint_id>34881934</swisstopo:routepoint_id>
				</extensions>
			</trkpt>
			<trkpt lat="46.5280981443" lon="7.6086587392">
				<ele>1342.9</ele>
				<time>1970-01-01T01:00:00+01:00</time>
				<extensions>
					<swisstopo:routepoint_id>848315527</swisstopo:routepoint_id>
				</extensions>
			</trkpt>
			<trkpt lat="46.5281255053" lon="7.6086192695">
				<ele>1342.4</ele>
				<time>1970-01-01T01:00:00+01:00</time>
				<extensions>
					<swisstopo:routepoint_id>1534536957</swisstopo:routepoint_id>
				</extensions>
			</trkpt>
			<trkpt lat="46.5281398056" lon="7.6085849184">
				<ele>1342.1</ele>
				<time>1970-01-01T01:00:00+01:00</time>
				<extensions>
					<swisstopo:routepoint_id>7918619</swisstopo:routepoint_id>
				</extensions>
			</trkpt>
			<trkpt lat="46.5281600657" lon="7.6085230727">
				<ele>1341.1</ele>
				<time>1970-01-01T01:00:00+01:00</time>
				<extensions>
					<swisstopo:routepoint_id>1495147590</swisstopo:routepoint_id>
				</extensions>
			</trkpt>
			<trkpt lat="46.5281934205" lon="7.6084457971">
				<ele>1340.3</ele>
				<time>1970-01-01T01:00:00+01:00</time>
				<extensions>
					<swisstopo:routepoint_id>1685989310</swisstopo:routepoint_id>
				</extensions>
			</trkpt>
			<trkpt lat="46.5282279166" lon="7.6083925842">
				<ele>1339.4</ele>
				<time>1970-01-01T01:00:00+01:00</time>
				<extensions>
					<swisstopo:routepoint_id>1909573954</swisstopo:routepoint_id>
				</extensions>
			</trkpt>
			<trkpt lat="46.5282706892" lon="7.6083634850">
				<ele>1338.8</ele>
				<time>1970-01-01T01:00:00+01:00</time>
				<extensions>
					<swisstopo:routepoint_id>512878823</swisstopo:routepoint_id>
				</extensions>
			</trkpt>
			<trkpt lat="46.5283277375" lon="7.6083172380">
				<ele>1338.2</ele>
				<time>1970-01-01T01:00:00+01:00</time>
				<extensions>
					<swisstopo:routepoint_id>909767728</swisstopo:routepoint_id>
				</extensions>
			</trkpt>
			<trkpt lat="46.5283954573" lon="7.6082744522">
				<ele>1337.5</ele>
				<time>1970-01-01T01:00:00+01:00</time>
				<extensions>
					<swisstopo:routepoint_id>606010552</swisstopo:routepoint_id>
				</extensions>
			</trkpt>
			<trkpt lat="46.5284299467" lon="7.6082315623">
				<ele>1337.0</ele>
				<time>1970-01-01T01:00:00+01:00</time>
				<extensions>
					<swisstopo:routepoint_id>1729451829</swisstopo:routepoint_id>
				</extensions>
			</trkpt>
			<trkpt lat="46.5284478435" lon="7.6081748573">
				<ele>1336.6</ele>
				<time>1970-01-01T01:00:00+01:00</time>
				<extensions>
					<swisstopo:routepoint_id>1437819959</swisstopo:routepoint_id>
				</extensions>
			</trkpt>
			<trkpt lat="46.5284656923" lon="7.6081370891">
				<ele>1336.2</ele>
				<time>1970-01-01T01:00:00+01:00</time>
				<extensions>
					<swisstopo:routepoint_id>2017193668</swisstopo:routepoint_id>
				</extensions>
			</trkpt>
			<trkpt lat="46.5285049334" lon="7.6080873327">
				<ele>1335.4</ele>
				<time>1970-01-01T01:00:00+01:00</time>
				<extensions>
					<swisstopo:routepoint_id>928805278</swisstopo:routepoint_id>
				</extensions>
			</trkpt>
			<trkpt lat="46.5285572568" lon="7.6080238660">
				<ele>1334.7</ele>
				<time>1970-01-01T01:00:00+01:00</time>
				<extensions>
					<swisstopo:routepoint_id>1749316608</swisstopo:routepoint_id>
				</extensions>
			</trkpt>
			<trkpt lat="46.5286048196" lon="7.6079672663">
				<ele>1333.8</ele>
				<time>1970-01-01T01:00:00+01:00</time>
				<extensions>
					<swisstopo:routepoint_id>252353004</swisstopo:routepoint_id>
				</extensions>
			</trkpt>
			<trkpt lat="46.5286630727" lon="7.6079089799">
				<ele>1333.0</ele>
				<time>1970-01-01T01:00:00+01:00</time>
				<extensions>
					<swisstopo:routepoint_id>529365700</swisstopo:routepoint_id>
				</extensions>
			</trkpt>
			<trkpt lat="46.5287141797" lon="7.6078644207">
				<ele>1332.3</ele>
				<time>1970-01-01T01:00:00+01:00</time>
				<extensions>
					<swisstopo:routepoint_id>451437812</swisstopo:routepoint_id>
				</extensions>
			</trkpt>
			<trkpt lat="46.5287521978" lon="7.6078387458">
				<ele>1331.8</ele>
				<time>1970-01-01T01:00:00+01:00</time>
				<extensions>
					<swisstopo:routepoint_id>1794061025</swisstopo:routepoint_id>
				</extensions>
			</trkpt>
			<trkpt lat="46.5287712318" lon="7.6078147196">
				<ele>1331.4</ele>
				<time>1970-01-01T01:00:00+01:00</time>
				<extensions>
					<swisstopo:routepoint_id>1789210468</swisstopo:routepoint_id>
				</extensions>
			</trkpt>
			<trkpt lat="46.5287950215" lon="7.6077752362">
				<ele>1331.0</ele>
				<time>1970-01-01T01:00:00+01:00</time>
				<extensions>
					<swisstopo:routepoint_id>291434706</swisstopo:routepoint_id>
				</extensions>
			</trkpt>
			<trkpt lat="46.5288176253" lon="7.6077460852">
				<ele>1330.8</ele>
				<time>1970-01-01T01:00:00+01:00</time>
				<extensions>
					<swisstopo:routepoint_id>751838337</swisstopo:routepoint_id>
				</extensions>
			</trkpt>
			<trkpt lat="46.5288437749" lon="7.6077169198">
				<ele>1330.2</ele>
				<time>1970-01-01T01:00:00+01:00</time>
				<extensions>
					<swisstopo:routepoint_id>56441010</swisstopo:routepoint_id>
				</extensions>
			</trkpt>
			<trkpt lat="46.5288758490" lon="7.6077015488">
				<ele>1329.9</ele>
				<time>1970-01-01T01:00:00+01:00</time>
				<extensions>
					<swisstopo:routepoint_id>779961510</swisstopo:routepoint_id>
				</extensions>
			</trkpt>
			<trkpt lat="46.5289105527" lon="7.6076842178">
				<ele>1329.4</ele>
				<time>1970-01-01T01:00:00+01:00</time>
				<extensions>
					<swisstopo:routepoint_id>1760479615</swisstopo:routepoint_id>
				</extensions>
			</trkpt>
			<trkpt lat="46.5289280802" lon="7.6076327765">
				<ele>1329.2</ele>
				<time>1970-01-01T01:00:00+01:00</time>
				<extensions>
					<swisstopo:routepoint_id>835682041</swisstopo:routepoint_id>
				</extensions>
			</trkpt>
			<trkpt lat="46.5289626679" lon="7.6075848679">
				<ele>1328.8</ele>
				<time>1970-01-01T01:00:00+01:00</time>
				<extensions>
					<swisstopo:routepoint_id>1833349980</swisstopo:routepoint_id>
				</extensions>
			</trkpt>
			<trkpt lat="46.5290042609" lon="7.6075506019">
				<ele>1328.2</ele>
				<time>1970-01-01T01:00:00+01:00</time>
				<extensions>
					<swisstopo:routepoint_id>1755984190</swisstopo:routepoint_id>
				</extensions>
			</trkpt>
			<trkpt lat="46.5290422779" lon="7.6075249393">
				<ele>1327.9</ele>
				<time>1970-01-01T01:00:00+01:00</time>
				<extensions>
					<swisstopo:routepoint_id>1426305103</swisstopo:routepoint_id>
				</extensions>
			</trkpt>
			<trkpt lat="46.5290802920" lon="7.6075078532">
				<ele>1327.5</ele>
				<time>1970-01-01T01:00:00+01:00</time>
				<extensions>
					<swisstopo:routepoint_id>897003421</swisstopo:routepoint_id>
				</extensions>
			</trkpt>
			<trkpt lat="46.5291076118" lon="7.6074958951">
				<ele>1327.3</ele>
				<time>1970-01-01T01:00:00+01:00</time>
				<extensions>
					<swisstopo:routepoint_id>169026597</swisstopo:routepoint_id>
				</extensions>
			</trkpt>
			<trkpt lat="46.5291325717" lon="7.6074736204">
				<ele>1327.2</ele>
				<time>1970-01-01T01:00:00+01:00</time>
				<extensions>
					<swisstopo:routepoint_id>26963315</swisstopo:routepoint_id>
				</extensions>
			</trkpt>
			<trkpt lat="46.5291420869" lon="7.6074564454">
				<ele>1327.0</ele>
				<time>1970-01-01T01:00:00+01:00</time>
				<extensions>
					<swisstopo:routepoint_id>1500651584</swisstopo:routepoint_id>
				</extensions>
			</trkpt>
			<trkpt lat="46.5291468628" lon="7.6074392692">
				<ele>1326.9</ele>
				<time>1970-01-01T01:00:00+01:00</time>
				<extensions>
					<swisstopo:routepoint_id>1996031294</swisstopo:routepoint_id>
				</extensions>
			</trkpt>
			<trkpt lat="46.5291469139" lon="7.6074048600">
				<ele>1326.5</ele>
				<time>1970-01-01T01:00:00+01:00</time>
				<extensions>
					<swisstopo:routepoint_id>245828313</swisstopo:routepoint_id>
				</extensions>
			</trkpt>
			<trkpt lat="46.5291374869" lon="7.6073618321">
				<ele>1326.2</ele>
				<time>1970-01-01T01:00:00+01:00</time>
				<extensions>
					<swisstopo:routepoint_id>982268767</swisstopo:routepoint_id>
				</extensions>
			</trkpt>
			<trkpt lat="46.5291315990" lon="7.6073291514">
				<ele>1326.0</ele>
				<time>1970-01-01T01:00:00+01:00</time>
				<extensions>
					<swisstopo:routepoint_id>776221582</swisstopo:routepoint_id>
				</extensions>
			</trkpt>
			<trkpt lat="46.5291352020" lon="7.6073016480">
				<ele>1326.1</ele>
				<time>1970-01-01T01:00:00+01:00</time>
				<extensions>
					<swisstopo:routepoint_id>1303563402</swisstopo:routepoint_id>
				</extensions>
			</trkpt>
			<trkpt lat="46.5291589993" lon="7.6072621650">
				<ele>1325.5</ele>
				<time>1970-01-01T01:00:00+01:00</time>
				<extensions>
					<swisstopo:routepoint_id>930910641</swisstopo:routepoint_id>
				</extensions>
			</trkpt>
			<trkpt lat="46.5291827914" lon="7.6072209739">
				<ele>1325.1</ele>
				<time>1970-01-01T01:00:00+01:00</time>
				<extensions>
					<swisstopo:routepoint_id>1619431417</swisstopo:routepoint_id>
				</extensions>
			</trkpt>
			<trkpt lat="46.5292018507" lon="7.6071797419">
				<ele>1324.9</ele>
				<time>1970-01-01T01:00:00+01:00</time>
				<extensions>
					<swisstopo:routepoint_id>736300532</swisstopo:routepoint_id>
				</extensions>
			</trkpt>
			<trkpt lat="46.5292232916" lon="7.6071282080">
				<ele>1324.7</ele>
				<time>1970-01-01T01:00:00+01:00</time>
				<extensions>
					<swisstopo:routepoint_id>800646551</swisstopo:routepoint_id>
				</extensions>
			</trkpt>
			<trkpt lat="46.5292335669" lon="7.6071027460">
				<ele>1324.9</ele>
				<time>1970-01-01T01:00:00+01:00</time>
				<extensions>
					<swisstopo:routepoint_id>1835986998</swisstopo:routepoint_id>
				</extensions>
			</trkpt>
			<trkpt lat="46.5292441630" lon="7.6070727489">
				<ele>1325.1</ele>
				<time>1970-01-01T01:00:00+01:00</time>
				<extensions>
					<swisstopo:routepoint_id>1764840664</swisstopo:routepoint_id>
				</extensions>
			</trkpt>
			<trkpt lat="46.5292485710" lon="7.6070421988">
				<ele>1324.9</ele>
				<time>1970-01-01T01:00:00+01:00</time>
				<extensions>
					<swisstopo:routepoint_id>399439578</swisstopo:routepoint_id>
				</extensions>
			</trkpt>
			<trkpt lat="46.5292128444" lon="7.6069665309">
				<ele>1324.3</ele>
				<time>1970-01-01T01:00:00+01:00</time>
				<extensions>
					<swisstopo:routepoint_id>1297878796</swisstopo:routepoint_id>
				</extensions>
			</trkpt>
			<trkpt lat="46.5291844966" lon="7.6068770178">
				<ele>1323.8</ele>
				<time>1970-01-01T01:00:00+01:00</time>
				<extensions>
					<swisstopo:routepoint_id>605775626</swisstopo:routepoint_id>
				</extensions>
			</trkpt>
			<trkpt lat="46.5291703520" lon="7.6068064615">
				<ele>1323.3</ele>
				<time>1970-01-01T01:00:00+01:00</time>
				<extensions>
					<swisstopo:routepoint_id>887638879</swisstopo:routepoint_id>
				</extensions>
			</trkpt>
			<trkpt lat="46.5291657336" lon="7.6067238907">
				<ele>1322.8</ele>
				<time>1970-01-01T01:00:00+01:00</time>
				<extensions>
					<swisstopo:routepoint_id>160003106</swisstopo:routepoint_id>
				</extensions>
			</trkpt>
			<trkpt lat="46.5291729636" lon="7.6066465187">
				<ele>1322.2</ele>
				<time>1970-01-01T01:00:00+01:00</time>
				<extensions>
					<swisstopo:routepoint_id>1042222688</swisstopo:routepoint_id>
				</extensions>
			</trkpt>
			<trkpt lat="46.5292040461" lon="7.6064987211">
				<ele>1321.2</ele>
				<time>1970-01-01T01:00:00+01:00</time>
				<extensions>
					<swisstopo:routepoint_id>1732769458</swisstopo:routepoint_id>
				</extensions>
			</trkpt>
			<trkpt lat="46.5292350957" lon="7.6063663936">
				<ele>1320.2</ele>
				<time>1970-01-01T01:00:00+01:00</time>
				<extensions>
					<swisstopo:routepoint_id>1658956844</swisstopo:routepoint_id>
				</extensions>
			</trkpt>
			<trkpt lat="46.5292614552" lon="7.6062735315">
				<ele>1319.5</ele>
				<time>1970-01-01T01:00:00+01:00</time>
				<extensions>
					<swisstopo:routepoint_id>1138842369</swisstopo:routepoint_id>
				</extensions>
			</trkpt>
			<trkpt lat="46.5292725349" lon="7.6062326530">
				<ele>1319.2</ele>
				<time>1970-01-01T01:00:00+01:00</time>
				<extensions>
					<swisstopo:routepoint_id>1368242617</swisstopo:routepoint_id>
				</extensions>
			</trkpt>
			<trkpt lat="46.5292825204" lon="7.6061958243">
				<ele>1318.9</ele>
				<time>1970-01-01T01:00:00+01:00</time>
				<extensions>
					<swisstopo:routepoint_id>1094095178</swisstopo:routepoint_id>
				</extensions>
			</trkpt>
			<trkpt lat="46.5292983046" lon="7.6061427865">
				<ele>1318.6</ele>
				<time>1970-01-01T01:00:00+01:00</time>
				<extensions>
					<swisstopo:routepoint_id>4495425</swisstopo:routepoint_id>
				</extensions>
			</trkpt>
			<trkpt lat="46.5292811693" lon="7.6061275957">
				<ele>1318.8</ele>
				<time>1970-01-01T01:00:00+01:00</time>
				<extensions>
					<swisstopo:routepoint_id>1556860585</swisstopo:routepoint_id>
				</extensions>
			</trkpt>
			<trkpt lat="46.5292811693" lon="7.6061275957">
				<ele>1318.8</ele>
				<extensions>
					<swisstopo:waypoint_id>355303170</swisstopo:waypoint_id>
					<swisstopo:waypoint_is_controlpoint>1</swisstopo:waypoint_is_controlpoint>
					<swisstopo:waypoint_routepoint_id>1556860585</swisstopo:waypoint_routepoint_id>
					<swisstopo:waypoint_meters_into_tour>2749.204649</swisstopo:waypoint_meters_into_tour>
					<swisstopo:waypoint_stage_before distance="2749.204649" duration="3298.480216" ascent="1.129028" descent="488.350830" />
					<swisstopo:waypoint_trackpoint_id>swisstopo-02</swisstopo:waypoint_trackpoint_id>
					<swisstopo:waypoint_original_name>Destination</swisstopo:waypoint_original_name>
				</extensions>
				<name>swisstopo-02</name>
			</trkpt>
		</trkseg>
	</trk>
</gpx>
