<?xml version="1.0"?>
<gpx version="1.1" creator="Generated by Swisstopo App. See https://www.swisstopo.ch/app for more information." xmlns="http://www.topografix.com/GPX/1/1" xmlns:xsi="http://www.w3.org/2001/XMLSchema-instance" xmlns:swisstopo="https://prod-static.swisstopo-app.ch/xmlschemas/SwisstopoExtensions" xsi:schemaLocation="http://www.topografix.com/GPX/1/1 http://www.topografix.com/GPX/1/1/gpx.xsd https://swisstopo-app.ch/xmlschemas/SwisstopoExtensions https://prod-static.swisstopo-app.ch/xmlschemas/SwisstopoExtensions.xsd">
	<metadata>
		<name>KT uphill</name>
		<desc />
		<time>2026-08-23T08:32:36+02:00</time>
		<extensions>
			<swisstopo:tour_type>0</swisstopo:tour_type>
		</extensions>
	</metadata>
	<wpt lat="46.5292588312" lon="7.6062225743">
		<ele>1319.2</ele>
		<extensions>
			<swisstopo:waypoint_id>1981910393</swisstopo:waypoint_id>
			<swisstopo:waypoint_is_controlpoint>1</swisstopo:waypoint_is_controlpoint>
			<swisstopo:waypoint_routepoint_id>380463048</swisstopo:waypoint_routepoint_id>
			<swisstopo:waypoint_meters_into_tour>0.000000</swisstopo:waypoint_meters_into_tour>
		</extensions>
		<name>Starting point</name>
	</wpt>
	<wpt lat="46.5197537011" lon="7.6198587129">
		<ele>1809.6</ele>
		<extensions>
			<swisstopo:waypoint_id>307334708</swisstopo:waypoint_id>
			<swisstopo:waypoint_is_controlpoint>1</swisstopo:waypoint_is_controlpoint>
			<swisstopo:waypoint_routepoint_id>744318895</swisstopo:waypoint_routepoint_id>
			<swisstopo:waypoint_meters_into_tour>2877.318992</swisstopo:waypoint_meters_into_tour>
			<swisstopo:waypoint_stage_before distance="2877.318992" duration="5365.598537" ascent="490.776001" descent="0.462036" />
		</extensions>
		<name>Destination</name>
	</wpt>
	<trk>
		<name>KT uphill</name>
		<trkseg>
			<trkpt lat="46.5292588312" lon="7.6062225743">
				<ele>1319.2</ele>
				<time>1970-01-01T01:00:00+01:00</time>
				<extensions>
					<swisstopo:routepoint_id>380463048</swisstopo:routepoint_id>
				</extensions>
			</trkpt>
			<trkpt lat="46.5292588312" lon="7.6062225743">
				<ele>1319.2</ele>
				<extensions>
					<swisstopo:waypoint_id>1981910393</swisstopo:waypoint_id>
					<swisstopo:waypoint_is_controlpoint>1</swisstopo:waypoint_is_controlpoint>
					<swisstopo:waypoint_routepoint_id>380463048</swisstopo:waypoint_routepoint_id>
					<swisstopo:waypoint_meters_into_tour>0.000000</swisstopo:waypoint_meters_into_tour>
					<swisstopo:waypoint_trackpoint_id>swisstopo-03</swisstopo:waypoint_trackpoint_id>
					<swisstopo:waypoint_original_name>Starting point</swisstopo:waypoint_original_name>
				</extensions>
				<name>swisstopo-03</name>
			</trkpt>
			<trkpt lat="46.5292725349" lon="7.6062326530">
				<ele>1319.2</ele>
				<time>1970-01-01T01:00:00+01:00</time>
				<extensions>
					<swisstopo:routepoint_id>600052852</swisstopo:routepoint_id>
				</extensions>
			</trkpt>
			<trkpt lat="46.5292614552" lon="7.6062735315">
				<ele>1319.5</ele>
				<time>1970-01-01T01:00:00+01:00</time>
				<extensions>
					<swisstopo:routepoint_id>973688066</swisstopo:routepoint_id>
				</extensions>
			</trkpt>
			<trkpt lat="46.5292350957" lon="7.6063663936">
				<ele>1320.2</ele>
				<time>1970-01-01T01:00:00+01:00</time>
				<extensions>
					<swisstopo:routepoint_id>1823253694</swisstopo:routepoint_id>
				</extensions>
			</trkpt>
			<trkpt lat="46.5292040461" lon="7.6064987211">
				<ele>1321.2</ele>
				<time>1970-01-01T01:00:00+01:00</time>
				<extensions>
					<swisstopo:routepoint_id>157912535</swisstopo:routepoint_id>
				</extensions>
			</trkpt>
			<trkpt lat="46.5291729636" lon="7.6066465187">
				<ele>1322.2</ele>
				<time>1970-01-01T01:00:00+01:00</time>
				<extensions>
					<swisstopo:routepoint_id>1145844812</swisstopo:routepoint_id>
				</extensions>
			</trkpt>
			<trkpt lat="46.5291657336" lon="7.6067238907">
				<ele>1322.8</ele>
				<time>1970-01-01T01:00:00+01:00</time>
				<extensions>
					<swisstopo:routepoint_id>1468365160</swisstopo:routepoint_id>
				</extensions>
			</trkpt>
			<trkpt lat="46.5291703520" lon="7.6068064615">
				<ele>1323.3</ele>
				<time>1970-01-01T01:00:00+01:00</time>
				<extensions>
					<swisstopo:routepoint_id>443455605</swisstopo:routepoint_id>
				</extensions>
			</trkpt>
			<trkpt lat="46.5291844966" lon="7.6068770178">
				<ele>1323.8</ele>
				<time>1970-01-01T01:00:00+01:00</time>
				<extensions>
					<swisstopo:routepoint_id>1171655139</swisstopo:routepoint_id>
				</extensions>
			</trkpt>
			<trkpt lat="46.5292128444" lon="7.6069665309">
				<ele>1324.3</ele>
				<time>1970-01-01T01:00:00+01:00</time>
				<extensions>
					<swisstopo:routepoint_id>1295711824</swisstopo:routepoint_id>
				</extensions>
			</trkpt>
			<trkpt lat="46.5292485710" lon="7.6070421988">
				<ele>1324.9</ele>
				<time>1970-01-01T01:00:00+01:00</time>
				<extensions>
					<swisstopo:routepoint_id>644659870</swisstopo:routepoint_id>
				</extensions>
			</trkpt>
			<trkpt lat="46.5292441630" lon="7.6070727489">
				<ele>1325.1</ele>
				<time>1970-01-01T01:00:00+01:00</time>
				<extensions>
					<swisstopo:routepoint_id>806634009</swisstopo:routepoint_id>
				</extensions>
			</trkpt>
			<trkpt lat="46.5292335669" lon="7.6071027460">
				<ele>1324.9</ele>
				<time>1970-01-01T01:00:00+01:00</time>
				<extensions>
					<swisstopo:routepoint_id>2064991409</swisstopo:routepoint_id>
				</extensions>
			</trkpt>
			<trkpt lat="46.5292232916" lon="7.6071282080">
				<ele>1324.7</ele>
				<time>1970-01-01T01:00:00+01:00</time>
				<extensions>
					<swisstopo:routepoint_id>311114562</swisstopo:routepoint_id>
				</extensions>
			</trkpt>
			<trkpt lat="46.5292018507" lon="7.6071797419">
				<ele>1324.9</ele>
				<time>1970-01-01T01:00:00+01:00</time>
				<extensions>
					<swisstopo:routepoint_id>1039261114</swisstopo:routepoint_id>
				</extensions>
			</trkpt>
			<trkpt lat="46.5291827914" lon="7.6072209739">
				<ele>1325.1</ele>
				<time>1970-01-01T01:00:00+01:00</time>
				<extensions>
					<swisstopo:routepoint_id>937104670</swisstopo:routepoint_id>
				</extensions>
			</trkpt>
			<trkpt lat="46.5291589993" lon="7.6072621650">
				<ele>1325.5</ele>
				<time>1970-01-01T01:00:00+01:00</time>
				<extensions>
					<swisstopo:routepoint_id>2081879020</swisstopo:routepoint_id>
				</extensions>
			</trkpt>
			<trkpt lat="46.5291352020" lon="7.6073016480">
				<ele>1326.1</ele>
				<time>1970-01-01T01:00:00+01:00</time>
				<extensions>
					<swisstopo:routepoint_id>587413152</swisstopo:routepoint_id>
				</extensions>
			</trkpt>
			<trkpt lat="46.5291315990" lon="7.6073291514">
				<ele>1326.0</ele>
				<time>1970-01-01T01:00:00+01:00</time>
				<extensions>
					<swisstopo:routepoint_id>1297058837</swisstopo:routepoint_id>
				</extensions>
			</trkpt>
			<trkpt lat="46.5291374869" lon="7.6073618321">
				<ele>1326.2</ele>
				<time>1970-01-01T01:00:00+01:00</time>
				<extensions>
					<swisstopo:routepoint_id>1502372692</swisstopo:routepoint_id>
				</extensions>
			</trkpt>
			<trkpt lat="46.5291469139" lon="7.6074048600">
				<ele>1326.5</ele>
				<time>1970-01-01T01:00:00+01:00</time>
				<extensions>
					<swisstopo:routepoint_id>1582718320</swisstopo:routepoint_id>
				</extensions>
			</trkpt>
			<trkpt lat="46.5291468628" lon="7.6074392692">
				<ele>1326.9</ele>
				<time>1970-01-01T01:00:00+01:00</time>
				<extensions>
					<swisstopo:routepoint_id>615432233</swisstopo:routepoint_id>
				</extensions>
			</trkpt>
			<trkpt lat="46.5291420869" lon="7.6074564454">
				<ele>1327.0</ele>
				<time>1970-01-01T01:00:00+01:00</time>
				<extensions>
					<swisstopo:routepoint_id>1279469412</swisstopo:routepoint_id>
				</extensions>
			</trkpt>
			<trkpt lat="46.5291325717" lon="7.6074736204">
				<ele>1327.2</ele>
				<time>1970-01-01T01:00:00+01:00</time>
				<extensions>
					<swisstopo:routepoint_id>578919856</swisstopo:routepoint_id>
				</extensions>
			</trkpt>
			<trkpt lat="46.5291076118" lon="7.6074958951">
				<ele>1327.3</ele>
				<time>1970-01-01T01:00:00+01:00</time>
				<extensions>
					<swisstopo:routepoint_id>734247066</swisstopo:routepoint_id>
				</extensions>
			</trkpt>
			<trkpt lat="46.5290802920" lon="7.6075078532">
				<ele>1327.5</ele>
				<time>1970-01-01T01:00:00+01:00</time>
				<extensions>
					<swisstopo:routepoint_id>436984187</swisstopo:routepoint_id>
				</extensions>
			</trkpt>
			<trkpt lat="46.5290422779" lon="7.6075249393">
				<ele>1327.9</ele>
				<time>1970-01-01T01:00:00+01:00</time>
				<extensions>
					<swisstopo:routepoint_id>1824415629</swisstopo:routepoint_id>
				</extensions>
			</trkpt>
			<trkpt lat="46.5290042609" lon="7.6075506019">
				<ele>1328.2</ele>
				<time>1970-01-01T01:00:00+01:00</time>
				<extensions>
					<swisstopo:routepoint_id>655766202</swisstopo:routepoint_id>
				</extensions>
			</trkpt>
			<trkpt lat="46.5289626679" lon="7.6075848679">
				<ele>1328.8</ele>
				<time>1970-01-01T01:00:00+01:00</time>
				<extensions>
					<swisstopo:routepoint_id>2074355308</swisstopo:routepoint_id>
				</extensions>
			</trkpt>
			<trkpt lat="46.5289280802" lon="7.6076327765">
				<ele>1329.2</ele>
				<time>1970-01-01T01:00:00+01:00</time>
				<extensions>
					<swisstopo:routepoint_id>668154240</swisstopo:routepoint_id>
				</extensions>
			</trkpt>
			<trkpt lat="46.5289105527" lon="7.6076842178">
				<ele>1329.4</ele>
				<time>1970-01-01T01:00:00+01:00</time>
				<extensions>
					<swisstopo:routepoint_id>211557910</swisstopo:routepoint_id>
				</extensions>
			</trkpt>
			<trkpt lat="46.5288758490" lon="7.6077015488">
				<ele>1329.9</ele>
				<time>1970-01-01T01:00:00+01:00</time>
				<extensions>
					<swisstopo:routepoint_id>704693001</swisstopo:routepoint_id>
				</extensions>
			</trkpt>
			<trkpt lat="46.5288437749" lon="7.6077169198">
				<ele>1330.2</ele>
				<time>1970-01-01T01:00:00+01:00</time>
				<extensions>
					<swisstopo:routepoint_id>442140317</swisstopo:routepoint_id>
				</extensions>
			</trkpt>
			<trkpt lat="46.5288176253" lon="7.6077460852">
				<ele>1330.8</ele>
				<time>1970-01-01T01:00:00+01:00</time>
				<extensions>
					<swisstopo:routepoint_id>1975326902</swisstopo:routepoint_id>
				</extensions>
			</trkpt>
			<trkpt lat="46.5287950215" lon="7.6077752362">
				<ele>1331.0</ele>
				<time>1970-01-01T01:00:00+01:00</time>
				<extensions>
					<swisstopo:routepoint_id>354888534</swisstopo:routepoint_id>
				</extensions>
			</trkpt>
			<trkpt lat="46.5287712318" lon="7.6078147196">
				<ele>1331.4</ele>
				<time>1970-01-01T01:00:00+01:00</time>
				<extensions>
					<swisstopo:routepoint_id>1861940578</swisstopo:routepoint_id>
				</extensions>
			</trkpt>
			<trkpt lat="46.5287521978" lon="7.6078387458">
				<ele>1331.8</ele>
				<time>1970-01-01T01:00:00+01:00</time>
				<extensions>
					<swisstopo:routepoint_id>2121673320</swisstopo:routepoint_id>
				</extensions>
			</trkpt>
			<trkpt lat="46.5287141797" lon="7.6078644207">
				<ele>1332.3</ele>
				<time>1970-01-01T01:00:00+01:00</time>
				<extensions>
					<swisstopo:routepoint_id>172653335</swisstopo:routepoint_id>
				</extensions>
			</trkpt>
			<trkpt lat="46.5286630727" lon="7.6079089799">
				<ele>1333.0</ele>
				<time>1970-01-01T01:00:00+01:00</time>
				<extensions>
					<swisstopo:routepoint_id>1946279383</swisstopo:routepoint_id>
				</extensions>
			</trkpt>
			<trkpt lat="46.5286048196" lon="7.6079672663">
				<ele>1333.8</ele>
				<time>1970-01-01T01:00:00+01:00</time>
				<extensions>
					<swisstopo:routepoint_id>365021130</swisstopo:routepoint_id>
				</extensions>
			</trkpt>
			<trkpt lat="46.5285572568" lon="7.6080238660">
				<ele>1334.7</ele>
				<time>1970-01-01T01:00:00+01:00</time>
				<extensions>
					<swisstopo:routepoint_id>1378204063</swisstopo:routepoint_id>
				</extensions>
			</trkpt>
			<trkpt lat="46.5285049334" lon="7.6080873327">
				<ele>1335.4</ele>
				<time>1970-01-01T01:00:00+01:00</time>
				<extensions>
					<swisstopo:routepoint_id>333545308</swisstopo:routepoint_id>
				</extensions>
			</trkpt>
			<trkpt lat="46.5284656923" lon="7.6081370891">
				<ele>1336.2</ele>
				<time>1970-01-01T01:00:00+01:00</time>
				<extensions>
					<swisstopo:routepoint_id>1914856543</swisstopo:routepoint_id>
				</extensions>
			</trkpt>
			<trkpt lat="46.5284478435" lon="7.6081748573">
				<ele>1336.6</ele>
				<time>1970-01-01T01:00:00+01:00</time>
				<extensions>
					<swisstopo:routepoint_id>1127886739</swisstopo:routepoint_id>
				</extensions>
			</trkpt>
			<trkpt lat="46.5284299467" lon="7.6082315623">
				<ele>1337.0</ele>
				<time>1970-01-01T01:00:00+01:00</time>
				<extensions>
					<swisstopo:routepoint_id>376719189</swisstopo:routepoint_id>
				</extensions>
			</trkpt>
			<trkpt lat="46.5283954573" lon="7.6082744522">
				<ele>1337.5</ele>
				<time>1970-01-01T01:00:00+01:00</time>
				<extensions>
					<swisstopo:routepoint_id>451847962</swisstopo:routepoint_id>
				</extensions>
			</trkpt>
			<trkpt lat="46.5283277375" lon="7.6083172380">
				<ele>1338.2</ele>
				<time>1970-01-01T01:00:00+01:00</time>
				<extensions>
					<swisstopo:routepoint_id>1787529481</swisstopo:routepoint_id>
				</extensions>
			</trkpt>
			<trkpt lat="46.5282706892" lon="7.6083634850">
				<ele>1338.8</ele>
				<time>1970-01-01T01:00:00+01:00</time>
				<extensions>
					<swisstopo:routepoint_id>579506328</swisstopo:routepoint_id>
				</extensions>
			</trkpt>
			<trkpt lat="46.5282279166" lon="7.6083925842">
				<ele>1339.4</ele>
				<time>1970-01-01T01:00:00+01:00</time>
				<extensions>
					<swisstopo:routepoint_id>1152178480</swisstopo:routepoint_id>
				</extensions>
			</trkpt>
			<trkpt lat="46.5281934205" lon="7.6084457971">
				<ele>1340.3</ele>
				<time>1970-01-01T01:00:00+01:00</time>
				<extensions>
					<swisstopo:routepoint_id>681626603</swisstopo:routepoint_id>
				</extensions>
			</trkpt>
			<trkpt lat="46.5281600657" lon="7.6085230727">
				<ele>1341.1</ele>
				<time>1970-01-01T01:00:00+01:00</time>
				<extensions>
					<swisstopo:routepoint_id>222903279</swisstopo:routepoint_id>
				</extensions>
			</trkpt>
			<trkpt lat="46.5281398056" lon="7.6085849184">
				<ele>1342.1</ele>
				<time>1970-01-01T01:00:00+01:00</time>
				<extensions>
					<swisstopo:routepoint_id>1003798464</swisstopo:routepoint_id>
				</extensions>
			</trkpt>
			<trkpt lat="46.5281255053" lon="7.6086192695">
				<ele>1342.4</ele>
				<time>1970-01-01T01:00:00+01:00</time>
				<extensions>
					<swisstopo:routepoint_id>2028668815</swisstopo:routepoint_id>
				</extensions>
			</trkpt>
			<trkpt lat="46.5280981443" lon="7.6086587392">
				<ele>1342.9</ele>
				<time>1970-01-01T01:00:00+01:00</time>
				<extensions>
					<swisstopo:routepoint_id>842485225</swisstopo:routepoint_id>
				</extensions>
			</trkpt>
			<trkpt lat="46.5280802880" lon="7.6086947990">
				<ele>1343.8</ele>
				<time>1970-01-01T01:00:00+01:00</time>
				<extensions>
					<swisstopo:routepoint_id>901987874</swisstopo:routepoint_id>
				</extensions>
			</trkpt>
			<trkpt lat="46.5280719225" lon="7.6087309012">
				<ele>1344.6</ele>
				<time>1970-01-01T01:00:00+01:00</time>
				<extensions>
					<swisstopo:routepoint_id>78480864</swisstopo:routepoint_id>
				</extensions>
			</trkpt>
			<trkpt lat="46.5280588103" lon="7.6087703917">
				<ele>1345.4</ele>
				<time>1970-01-01T01:00:00+01:00</time>
				<extensions>
					<swisstopo:routepoint_id>510112527</swisstopo:routepoint_id>
				</extensions>
			</trkpt>
			<trkpt lat="46.5280361970" lon="7.6088116104">
				<ele>1346.1</ele>
				<time>1970-01-01T01:00:00+01:00</time>
				<extensions>
					<swisstopo:routepoint_id>1156261389</swisstopo:routepoint_id>
				</extensions>
			</trkpt>
			<trkpt lat="46.5279969556" lon="7.6088613539">
				<ele>1346.7</ele>
				<time>1970-01-01T01:00:00+01:00</time>
				<extensions>
					<swisstopo:routepoint_id>444208292</swisstopo:routepoint_id>
				</extensions>
			</trkpt>
			<trkpt lat="46.5279384245" lon="7.6089252809">
				<ele>1347.9</ele>
				<time>1970-01-01T01:00:00+01:00</time>
				<extensions>
					<swisstopo:routepoint_id>1369662306</swisstopo:routepoint_id>
				</extensions>
			</trkpt>
			<trkpt lat="46.5278876187" lon="7.6089781683">
				<ele>1349.0</ele>
				<time>1970-01-01T01:00:00+01:00</time>
				<extensions>
					<swisstopo:routepoint_id>226013923</swisstopo:routepoint_id>
				</extensions>
			</trkpt>
			<trkpt lat="46.5278500528" lon="7.6090565627">
				<ele>1350.0</ele>
				<time>1970-01-01T01:00:00+01:00</time>
				<extensions>
					<swisstopo:routepoint_id>383714656</swisstopo:routepoint_id>
				</extensions>
			</trkpt>
			<trkpt lat="46.5278264065" lon="7.6090901411">
				<ele>1350.9</ele>
				<time>1970-01-01T01:00:00+01:00</time>
				<extensions>
					<swisstopo:routepoint_id>349804467</swisstopo:routepoint_id>
				</extensions>
			</trkpt>
			<trkpt lat="46.5278034405" lon="7.6091145590">
				<ele>1351.7</ele>
				<time>1970-01-01T01:00:00+01:00</time>
				<extensions>
					<swisstopo:routepoint_id>727683386</swisstopo:routepoint_id>
				</extensions>
			</trkpt>
			<trkpt lat="46.5277665724" lon="7.6091888761">
				<ele>1353.5</ele>
				<time>1970-01-01T01:00:00+01:00</time>
				<extensions>
					<swisstopo:routepoint_id>2001137229</swisstopo:routepoint_id>
				</extensions>
			</trkpt>
			<trkpt lat="46.5277411799" lon="7.6092474991">
				<ele>1354.6</ele>
				<time>1970-01-01T01:00:00+01:00</time>
				<extensions>
					<swisstopo:routepoint_id>182235199</swisstopo:routepoint_id>
				</extensions>
			</trkpt>
			<trkpt lat="46.5276959534" lon="7.6093230163">
				<ele>1355.9</ele>
				<time>1970-01-01T01:00:00+01:00</time>
				<extensions>
					<swisstopo:routepoint_id>2063144843</swisstopo:routepoint_id>
				</extensions>
			</trkpt>
			<trkpt lat="46.5276614739" lon="7.6093641844">
				<ele>1357.5</ele>
				<time>1970-01-01T01:00:00+01:00</time>
				<extensions>
					<swisstopo:routepoint_id>1756652190</swisstopo:routepoint_id>
				</extensions>
			</trkpt>
			<trkpt lat="46.5276590636" lon="7.6093882612">
				<ele>1358.4</ele>
				<time>1970-01-01T01:00:00+01:00</time>
				<extensions>
					<swisstopo:routepoint_id>941932920</swisstopo:routepoint_id>
				</extensions>
			</trkpt>
			<trkpt lat="46.5276792090" lon="7.6094089440">
				<ele>1359.2</ele>
				<time>1970-01-01T01:00:00+01:00</time>
				<extensions>
					<swisstopo:routepoint_id>1612734075</swisstopo:routepoint_id>
				</extensions>
			</trkpt>
			<trkpt lat="46.5276756154" lon="7.6094364600">
				<ele>1360.1</ele>
				<time>1970-01-01T01:00:00+01:00</time>
				<extensions>
					<swisstopo:routepoint_id>597648235</swisstopo:routepoint_id>
				</extensions>
			</trkpt>
			<trkpt lat="46.5276553800" lon="7.6094690704">
				<ele>1361.2</ele>
				<time>1970-01-01T01:00:00+01:00</time>
				<extensions>
					<swisstopo:routepoint_id>250317323</swisstopo:routepoint_id>
				</extensions>
			</trkpt>
			<trkpt lat="46.5276339664" lon="7.6095016914">
				<ele>1362.2</ele>
				<time>1970-01-01T01:00:00+01:00</time>
				<extensions>
					<swisstopo:routepoint_id>2104309766</swisstopo:routepoint_id>
				</extensions>
			</trkpt>
			<trkpt lat="46.5275959236" lon="7.6095376725">
				<ele>1363.7</ele>
				<time>1970-01-01T01:00:00+01:00</time>
				<extensions>
					<swisstopo:routepoint_id>1463008581</swisstopo:routepoint_id>
				</extensions>
			</trkpt>
			<trkpt lat="46.5275804552" lon="7.6095651383">
				<ele>1364.3</ele>
				<time>1970-01-01T01:00:00+01:00</time>
				<extensions>
					<swisstopo:routepoint_id>1487840906</swisstopo:routepoint_id>
				</extensions>
			</trkpt>
			<trkpt lat="46.5275816277" lon="7.6095806128">
				<ele>1364.9</ele>
				<time>1970-01-01T01:00:00+01:00</time>
				<extensions>
					<swisstopo:routepoint_id>1944696509</swisstopo:routepoint_id>
				</extensions>
			</trkpt>
			<trkpt lat="46.5275994249" lon="7.6095841087">
				<ele>1365.3</ele>
				<time>1970-01-01T01:00:00+01:00</time>
				<extensions>
					<swisstopo:routepoint_id>1447153129</swisstopo:routepoint_id>
				</extensions>
			</trkpt>
			<trkpt lat="46.5276207894" lon="7.6095841761">
				<ele>1365.5</ele>
				<time>1970-01-01T01:00:00+01:00</time>
				<extensions>
					<swisstopo:routepoint_id>1105902877</swisstopo:routepoint_id>
				</extensions>
			</trkpt>
			<trkpt lat="46.5276255091" lon="7.6095979547">
				<ele>1365.9</ele>
				<time>1970-01-01T01:00:00+01:00</time>
				<extensions>
					<swisstopo:routepoint_id>356603049</swisstopo:routepoint_id>
				</extensions>
			</trkpt>
			<trkpt lat="46.5276195532" lon="7.6096168607">
				<ele>1366.5</ele>
				<time>1970-01-01T01:00:00+01:00</time>
				<extensions>
					<swisstopo:routepoint_id>148380016</swisstopo:routepoint_id>
				</extensions>
			</trkpt>
			<trkpt lat="46.5275969773" lon="7.6096322602">
				<ele>1366.8</ele>
				<time>1970-01-01T01:00:00+01:00</time>
				<extensions>
					<swisstopo:routepoint_id>800441436</swisstopo:routepoint_id>
				</extensions>
			</trkpt>
			<trkpt lat="46.5275636667" lon="7.6096803127">
				<ele>1368.4</ele>
				<time>1970-01-01T01:00:00+01:00</time>
				<extensions>
					<swisstopo:routepoint_id>1527901702</swisstopo:routepoint_id>
				</extensions>
			</trkpt>
			<trkpt lat="46.5275565252" lon="7.6096974808">
				<ele>1368.7</ele>
				<time>1970-01-01T01:00:00+01:00</time>
				<extensions>
					<swisstopo:routepoint_id>101810589</swisstopo:routepoint_id>
				</extensions>
			</trkpt>
			<trkpt lat="46.5275636253" lon="7.6097078256">
				<ele>1369.0</ele>
				<time>1970-01-01T01:00:00+01:00</time>
				<extensions>
					<swisstopo:routepoint_id>1950187951</swisstopo:routepoint_id>
				</extensions>
			</trkpt>
			<trkpt lat="46.5275897463" lon="7.6097096295">
				<ele>1369.8</ele>
				<time>1970-01-01T01:00:00+01:00</time>
				<extensions>
					<swisstopo:routepoint_id>332372698</swisstopo:routepoint_id>
				</extensions>
			</trkpt>
			<trkpt lat="46.5276004061" lon="7.6097216927">
				<ele>1370.1</ele>
				<time>1970-01-01T01:00:00+01:00</time>
				<extensions>
					<swisstopo:routepoint_id>1893210133</swisstopo:routepoint_id>
				</extensions>
			</trkpt>
			<trkpt lat="46.5275979988" lon="7.6097371686">
				<ele>1370.5</ele>
				<time>1970-01-01T01:00:00+01:00</time>
				<extensions>
					<swisstopo:routepoint_id>1781756219</swisstopo:routepoint_id>
				</extensions>
			</trkpt>
			<trkpt lat="46.5275860888" lon="7.6097663781">
				<ele>1371.2</ele>
				<time>1970-01-01T01:00:00+01:00</time>
				<extensions>
					<swisstopo:routepoint_id>1287933868</swisstopo:routepoint_id>
				</extensions>
			</trkpt>
			<trkpt lat="46.5275492066" lon="7.6098264360">
				<ele>1373.0</ele>
				<time>1970-01-01T01:00:00+01:00</time>
				<extensions>
					<swisstopo:routepoint_id>930247466</swisstopo:routepoint_id>
				</extensions>
			</trkpt>
			<trkpt lat="46.5275265852" lon="7.6098728038">
				<ele>1374.2</ele>
				<time>1970-01-01T01:00:00+01:00</time>
				<extensions>
					<swisstopo:routepoint_id>60493636</swisstopo:routepoint_id>
				</extensions>
			</trkpt>
			<trkpt lat="46.5275182389" lon="7.6098951420">
				<ele>1375.1</ele>
				<time>1970-01-01T01:00:00+01:00</time>
				<extensions>
					<swisstopo:routepoint_id>1019857839</swisstopo:routepoint_id>
				</extensions>
			</trkpt>
			<trkpt lat="46.5275431372" lon="7.6099141328">
				<ele>1376.1</ele>
				<time>1970-01-01T01:00:00+01:00</time>
				<extensions>
					<swisstopo:routepoint_id>1645814184</swisstopo:routepoint_id>
				</extensions>
			</trkpt>
			<trkpt lat="46.5275834517" lon="7.6099469217">
				<ele>1378.1</ele>
				<time>1970-01-01T01:00:00+01:00</time>
				<extensions>
					<swisstopo:routepoint_id>530061074</swisstopo:routepoint_id>
				</extensions>
			</trkpt>
			<trkpt lat="46.5275988140" lon="7.6099899668">
				<ele>1379.0</ele>
				<time>1970-01-01T01:00:00+01:00</time>
				<extensions>
					<swisstopo:routepoint_id>167569268</swisstopo:routepoint_id>
				</extensions>
			</trkpt>
			<trkpt lat="46.5275679339" lon="7.6100070741">
				<ele>1379.3</ele>
				<time>1970-01-01T01:00:00+01:00</time>
				<extensions>
					<swisstopo:routepoint_id>812022191</swisstopo:routepoint_id>
				</extensions>
			</trkpt>
			<trkpt lat="46.5275287468" lon="7.6100138311">
				<ele>1379.6</ele>
				<time>1970-01-01T01:00:00+01:00</time>
				<extensions>
					<swisstopo:routepoint_id>244485039</swisstopo:routepoint_id>
				</extensions>
			</trkpt>
			<trkpt lat="46.5274587067" lon="7.6100204778">
				<ele>1380.2</ele>
				<time>1970-01-01T01:00:00+01:00</time>
				<extensions>
					<swisstopo:routepoint_id>1387785926</swisstopo:routepoint_id>
				</extensions>
			</trkpt>
			<trkpt lat="46.5273910395" lon="7.6100219979">
				<ele>1380.7</ele>
				<time>1970-01-01T01:00:00+01:00</time>
				<extensions>
					<swisstopo:routepoint_id>450410768</swisstopo:routepoint_id>
				</extensions>
			</trkpt>
			<trkpt lat="46.5273269409" lon="7.6100252221">
				<ele>1381.4</ele>
				<time>1970-01-01T01:00:00+01:00</time>
				<extensions>
					<swisstopo:routepoint_id>1159003955</swisstopo:routepoint_id>
				</extensions>
			</trkpt>
			<trkpt lat="46.5272841963" lon="7.6100354091">
				<ele>1381.8</ele>
				<time>1970-01-01T01:00:00+01:00</time>
				<extensions>
					<swisstopo:routepoint_id>691615597</swisstopo:routepoint_id>
				</extensions>
			</trkpt>
			<trkpt lat="46.5272426232" lon="7.6100559094">
				<ele>1382.6</ele>
				<time>1970-01-01T01:00:00+01:00</time>
				<extensions>
					<swisstopo:routepoint_id>1655907956</swisstopo:routepoint_id>
				</extensions>
			</trkpt>
			<trkpt lat="46.5271927205" lon="7.6100884397">
				<ele>1382.8</ele>
				<time>1970-01-01T01:00:00+01:00</time>
				<extensions>
					<swisstopo:routepoint_id>1282123302</swisstopo:routepoint_id>
				</extensions>
			</trkpt>
			<trkpt lat="46.5271332777" lon="7.6101535993">
				<ele>1383.5</ele>
				<time>1970-01-01T01:00:00+01:00</time>
				<extensions>
					<swisstopo:routepoint_id>909960065</swisstopo:routepoint_id>
				</extensions>
			</trkpt>
			<trkpt lat="46.5270191118" lon="7.6102925244">
				<ele>1384.8</ele>
				<time>1970-01-01T01:00:00+01:00</time>
				<extensions>
					<swisstopo:routepoint_id>159613257</swisstopo:routepoint_id>
				</extensions>
			</trkpt>
			<trkpt lat="46.5269049659" lon="7.6104297418">
				<ele>1386.2</ele>
				<time>1970-01-01T01:00:00+01:00</time>
				<extensions>
					<swisstopo:routepoint_id>15855451</swisstopo:routepoint_id>
				</extensions>
			</trkpt>
			<trkpt lat="46.5268395747" lon="7.6105034842">
				<ele>1387.0</ele>
				<time>1970-01-01T01:00:00+01:00</time>
				<extensions>
					<swisstopo:routepoint_id>381938029</swisstopo:routepoint_id>
				</extensions>
			</trkpt>
			<trkpt lat="46.5268050848" lon="7.6105446651">
				<ele>1387.5</ele>
				<time>1970-01-01T01:00:00+01:00</time>
				<extensions>
					<swisstopo:routepoint_id>1588093460</swisstopo:routepoint_id>
				</extensions>
			</trkpt>
			<trkpt lat="46.5267741338" lon="7.6106013008">
				<ele>1388.1</ele>
				<time>1970-01-01T01:00:00+01:00</time>
				<extensions>
					<swisstopo:routepoint_id>1298773113</swisstopo:routepoint_id>
				</extensions>
			</trkpt>
			<trkpt lat="46.5267455653" lon="7.6106596892">
				<ele>1388.8</ele>
				<time>1970-01-01T01:00:00+01:00</time>
				<extensions>
					<swisstopo:routepoint_id>305461441</swisstopo:routepoint_id>
				</extensions>
			</trkpt>
			<trkpt lat="46.5267158201" lon="7.6107060191">
				<ele>1388.8</ele>
				<time>1970-01-01T01:00:00+01:00</time>
				<extensions>
					<swisstopo:routepoint_id>976184995</swisstopo:routepoint_id>
				</extensions>
			</trkpt>
			<trkpt lat="46.5266837309" lon="7.6107368709">
				<ele>1388.9</ele>
				<time>1970-01-01T01:00:00+01:00</time>
				<extensions>
					<swisstopo:routepoint_id>46569427</swisstopo:routepoint_id>
				</extensions>
			</trkpt>
			<trkpt lat="46.5266552228" lon="7.6107436613">
				<ele>1389.2</ele>
				<time>1970-01-01T01:00:00+01:00</time>
				<extensions>
					<swisstopo:routepoint_id>997737133</swisstopo:routepoint_id>
				</extensions>
			</trkpt>
			<trkpt lat="46.5266503077" lon="7.6108394391">
				<ele>1389.7</ele>
				<time>1970-01-01T01:00:00+01:00</time>
				<extensions>
					<swisstopo:routepoint_id>1195529003</swisstopo:routepoint_id>
				</extensions>
			</trkpt>
			<trkpt lat="46.5266357660" lon="7.6109399051">
				<ele>1390.9</ele>
				<time>1970-01-01T01:00:00+01:00</time>
				<extensions>
					<swisstopo:routepoint_id>356084104</swisstopo:routepoint_id>
				</extensions>
			</trkpt>
			<trkpt lat="46.5266225014" lon="7.6110555449">
				<ele>1392.1</ele>
				<time>1970-01-01T01:00:00+01:00</time>
				<extensions>
					<swisstopo:routepoint_id>168431731</swisstopo:routepoint_id>
				</extensions>
			</trkpt>
			<trkpt lat="46.5266052536" lon="7.6112053331">
				<ele>1394.1</ele>
				<time>1970-01-01T01:00:00+01:00</time>
				<extensions>
					<swisstopo:routepoint_id>1191922478</swisstopo:routepoint_id>
				</extensions>
			</trkpt>
			<trkpt lat="46.5265867586" lon="7.6113114946">
				<ele>1395.6</ele>
				<time>1970-01-01T01:00:00+01:00</time>
				<extensions>
					<swisstopo:routepoint_id>962962666</swisstopo:routepoint_id>
				</extensions>
			</trkpt>
			<trkpt lat="46.5265630885" lon="7.6113834913">
				<ele>1396.5</ele>
				<time>1970-01-01T01:00:00+01:00</time>
				<extensions>
					<swisstopo:routepoint_id>1721262583</swisstopo:routepoint_id>
				</extensions>
			</trkpt>
			<trkpt lat="46.5265158245" lon="7.6114800597">
				<ele>1397.9</ele>
				<time>1970-01-01T01:00:00+01:00</time>
				<extensions>
					<swisstopo:routepoint_id>268076029</swisstopo:routepoint_id>
				</extensions>
			</trkpt>
			<trkpt lat="46.5264632841" lon="7.6115917824">
				<ele>1399.9</ele>
				<time>1970-01-01T01:00:00+01:00</time>
				<extensions>
					<swisstopo:routepoint_id>1431916930</swisstopo:routepoint_id>
				</extensions>
			</trkpt>
			<trkpt lat="46.5264278292" lon="7.6116694368">
				<ele>1401.3</ele>
				<time>1970-01-01T01:00:00+01:00</time>
				<extensions>
					<swisstopo:routepoint_id>1677916210</swisstopo:routepoint_id>
				</extensions>
			</trkpt>
			<trkpt lat="46.5264094088" lon="7.6117262673">
				<ele>1402.1</ele>
				<time>1970-01-01T01:00:00+01:00</time>
				<extensions>
					<swisstopo:routepoint_id>852288571</swisstopo:routepoint_id>
				</extensions>
			</trkpt>
			<trkpt lat="46.5264067015" lon="7.6117850651">
				<ele>1403.0</ele>
				<time>1970-01-01T01:00:00+01:00</time>
				<extensions>
					<swisstopo:routepoint_id>833791993</swisstopo:routepoint_id>
				</extensions>
			</trkpt>
			<trkpt lat="46.5264105574" lon="7.6118286983">
				<ele>1403.6</ele>
				<time>1970-01-01T01:00:00+01:00</time>
				<extensions>
					<swisstopo:routepoint_id>285576035</swisstopo:routepoint_id>
				</extensions>
			</trkpt>
			<trkpt lat="46.5264249138" lon="7.6118590853">
				<ele>1404.0</ele>
				<time>1970-01-01T01:00:00+01:00</time>
				<extensions>
					<swisstopo:routepoint_id>927266989</swisstopo:routepoint_id>
				</extensions>
			</trkpt>
			<trkpt lat="46.5264471411" lon="7.6118781206">
				<ele>1404.3</ele>
				<time>1970-01-01T01:00:00+01:00</time>
				<extensions>
					<swisstopo:routepoint_id>361611422</swisstopo:routepoint_id>
				</extensions>
			</trkpt>
			<trkpt lat="46.5264759187" lon="7.6118876868">
				<ele>1404.8</ele>
				<time>1970-01-01T01:00:00+01:00</time>
				<extensions>
					<swisstopo:routepoint_id>1232964731</swisstopo:routepoint_id>
				</extensions>
			</trkpt>
			<trkpt lat="46.5265086752" lon="7.6118745373">
				<ele>1405.2</ele>
				<time>1970-01-01T01:00:00+01:00</time>
				<extensions>
					<swisstopo:routepoint_id>696170329</swisstopo:routepoint_id>
				</extensions>
			</trkpt>
			<trkpt lat="46.5265532424" lon="7.6118386430">
				<ele>1406.3</ele>
				<time>1970-01-01T01:00:00+01:00</time>
				<extensions>
					<swisstopo:routepoint_id>941986460</swisstopo:routepoint_id>
				</extensions>
			</trkpt>
			<trkpt lat="46.5266397428" lon="7.6117630402">
				<ele>1408.0</ele>
				<time>1970-01-01T01:00:00+01:00</time>
				<extensions>
					<swisstopo:routepoint_id>2024364301</swisstopo:routepoint_id>
				</extensions>
			</trkpt>
			<trkpt lat="46.5267472569" lon="7.6116552745">
				<ele>1410.1</ele>
				<time>1970-01-01T01:00:00+01:00</time>
				<extensions>
					<swisstopo:routepoint_id>1929139180</swisstopo:routepoint_id>
				</extensions>
			</trkpt>
			<trkpt lat="46.5268521341" lon="7.6115513040">
				<ele>1412.0</ele>
				<time>1970-01-01T01:00:00+01:00</time>
				<extensions>
					<swisstopo:routepoint_id>1496294699</swisstopo:routepoint_id>
				</extensions>
			</trkpt>
			<trkpt lat="46.5269098164" lon="7.6114983911">
				<ele>1413.1</ele>
				<time>1970-01-01T01:00:00+01:00</time>
				<extensions>
					<swisstopo:routepoint_id>1266267850</swisstopo:routepoint_id>
				</extensions>
			</trkpt>
			<trkpt lat="46.5269583161" lon="7.6114587159">
				<ele>1414.1</ele>
				<time>1970-01-01T01:00:00+01:00</time>
				<extensions>
					<swisstopo:routepoint_id>528022036</swisstopo:routepoint_id>
				</extensions>
			</trkpt>
			<trkpt lat="46.5270238272" lon="7.6114133992">
				<ele>1415.2</ele>
				<time>1970-01-01T01:00:00+01:00</time>
				<extensions>
					<swisstopo:routepoint_id>719003445</swisstopo:routepoint_id>
				</extensions>
			</trkpt>
			<trkpt lat="46.5271247186" lon="7.6113568182">
				<ele>1416.8</ele>
				<time>1970-01-01T01:00:00+01:00</time>
				<extensions>
					<swisstopo:routepoint_id>864565986</swisstopo:routepoint_id>
				</extensions>
			</trkpt>
			<trkpt lat="46.5272347785" lon="7.6112926803">
				<ele>1418.6</ele>
				<time>1970-01-01T01:00:00+01:00</time>
				<extensions>
					<swisstopo:routepoint_id>76476588</swisstopo:routepoint_id>
				</extensions>
			</trkpt>
			<trkpt lat="46.5273107738" lon="7.6112455208">
				<ele>1419.9</ele>
				<time>1970-01-01T01:00:00+01:00</time>
				<extensions>
					<swisstopo:routepoint_id>611908465</swisstopo:routepoint_id>
				</extensions>
			</trkpt>
			<trkpt lat="46.5273697487" lon="7.6112039884">
				<ele>1421.0</ele>
				<time>1970-01-01T01:00:00+01:00</time>
				<extensions>
					<swisstopo:routepoint_id>1252203686</swisstopo:routepoint_id>
				</extensions>
			</trkpt>
			<trkpt lat="46.5274168967" lon="7.6111851486">
				<ele>1421.7</ele>
				<time>1970-01-01T01:00:00+01:00</time>
				<extensions>
					<swisstopo:routepoint_id>1455207955</swisstopo:routepoint_id>
				</extensions>
			</trkpt>
			<trkpt lat="46.5274614097" lon="7.6111834019">
				<ele>1422.7</ele>
				<time>1970-01-01T01:00:00+01:00</time>
				<extensions>
					<swisstopo:routepoint_id>1928139639</swisstopo:routepoint_id>
				</extensions>
			</trkpt>
			<trkpt lat="46.5275045862" lon="7.6111911364">
				<ele>1423.4</ele>
				<time>1970-01-01T01:00:00+01:00</time>
				<extensions>
					<swisstopo:routepoint_id>1837968970</swisstopo:routepoint_id>
				</extensions>
			</trkpt>
			<trkpt lat="46.5275294217" lon="7.6112158631">
				<ele>1424.0</ele>
				<time>1970-01-01T01:00:00+01:00</time>
				<extensions>
					<swisstopo:routepoint_id>829305402</swisstopo:routepoint_id>
				</extensions>
			</trkpt>
			<trkpt lat="46.5275450644" lon="7.6112576318">
				<ele>1424.7</ele>
				<time>1970-01-01T01:00:00+01:00</time>
				<extensions>
					<swisstopo:routepoint_id>3606525</swisstopo:routepoint_id>
				</extensions>
			</trkpt>
			<trkpt lat="46.5275424092" lon="7.6112879778">
				<ele>1425.0</ele>
				<time>1970-01-01T01:00:00+01:00</time>
				<extensions>
					<swisstopo:routepoint_id>1540605086</swisstopo:routepoint_id>
				</extensions>
			</trkpt>
			<trkpt lat="46.5275318639" lon="7.6113315548">
				<ele>1425.5</ele>
				<time>1970-01-01T01:00:00+01:00</time>
				<extensions>
					<swisstopo:routepoint_id>594652796</swisstopo:routepoint_id>
				</extensions>
			</trkpt>
			<trkpt lat="46.5274925136" lon="7.6113864553">
				<ele>1426.5</ele>
				<time>1970-01-01T01:00:00+01:00</time>
				<extensions>
					<swisstopo:routepoint_id>923846449</swisstopo:routepoint_id>
				</extensions>
			</trkpt>
			<trkpt lat="46.5274584117" lon="7.6114337499">
				<ele>1427.4</ele>
				<time>1970-01-01T01:00:00+01:00</time>
				<extensions>
					<swisstopo:routepoint_id>1678529384</swisstopo:routepoint_id>
				</extensions>
			</trkpt>
			<trkpt lat="46.5274163955" lon="7.6115151777">
				<ele>1428.6</ele>
				<time>1970-01-01T01:00:00+01:00</time>
				<extensions>
					<swisstopo:routepoint_id>43346373</swisstopo:routepoint_id>
				</extensions>
			</trkpt>
			<trkpt lat="46.5273730458" lon="7.6116155530">
				<ele>1429.9</ele>
				<time>1970-01-01T01:00:00+01:00</time>
				<extensions>
					<swisstopo:routepoint_id>1563271105</swisstopo:routepoint_id>
				</extensions>
			</trkpt>
			<trkpt lat="46.5273060643" lon="7.6117632797">
				<ele>1432.0</ele>
				<time>1970-01-01T01:00:00+01:00</time>
				<extensions>
					<swisstopo:routepoint_id>598124936</swisstopo:routepoint_id>
				</extensions>
			</trkpt>
			<trkpt lat="46.5272482532" lon="7.6118977555">
				<ele>1433.6</ele>
				<time>1970-01-01T01:00:00+01:00</time>
				<extensions>
					<swisstopo:routepoint_id>1392340174</swisstopo:routepoint_id>
				</extensions>
			</trkpt>
			<trkpt lat="46.5271983000" lon="7.6120322562">
				<ele>1435.4</ele>
				<time>1970-01-01T01:00:00+01:00</time>
				<extensions>
					<swisstopo:routepoint_id>2072505230</swisstopo:routepoint_id>
				</extensions>
			</trkpt>
			<trkpt lat="46.5271653945" lon="7.6121516396">
				<ele>1436.7</ele>
				<time>1970-01-01T01:00:00+01:00</time>
				<extensions>
					<swisstopo:routepoint_id>472180571</swisstopo:routepoint_id>
				</extensions>
			</trkpt>
			<trkpt lat="46.5271087704" lon="7.6123714600">
				<ele>1439.1</ele>
				<time>1970-01-01T01:00:00+01:00</time>
				<extensions>
					<swisstopo:routepoint_id>1200094952</swisstopo:routepoint_id>
				</extensions>
			</trkpt>
			<trkpt lat="46.5270586933" lon="7.6125894108">
				<ele>1441.3</ele>
				<time>1970-01-01T01:00:00+01:00</time>
				<extensions>
					<swisstopo:routepoint_id>231096660</swisstopo:routepoint_id>
				</extensions>
			</trkpt>
			<trkpt lat="46.5270152388" lon="7.6127504926">
				<ele>1443.0</ele>
				<time>1970-01-01T01:00:00+01:00</time>
				<extensions>
					<swisstopo:routepoint_id>1567108610</swisstopo:routepoint_id>
				</extensions>
			</trkpt>
			<trkpt lat="46.5269705451" lon="7.6128774230">
				<ele>1444.5</ele>
				<time>1970-01-01T01:00:00+01:00</time>
				<extensions>
					<swisstopo:routepoint_id>1356084078</swisstopo:routepoint_id>
				</extensions>
			</trkpt>
			<trkpt lat="46.5269009509" lon="7.6130156390">
				<ele>1446.4</ele>
				<time>1970-01-01T01:00:00+01:00</time>
				<extensions>
					<swisstopo:routepoint_id>914514797</swisstopo:routepoint_id>
				</extensions>
			</trkpt>
			<trkpt lat="46.5268247712" lon="7.6131803930">
				<ele>1448.8</ele>
				<time>1970-01-01T01:00:00+01:00</time>
				<extensions>
					<swisstopo:routepoint_id>1593175409</swisstopo:routepoint_id>
				</extensions>
			</trkpt>
			<trkpt lat="46.5267775203" lon="7.6132674989">
				<ele>1450.0</ele>
				<time>1970-01-01T01:00:00+01:00</time>
				<extensions>
					<swisstopo:routepoint_id>758096451</swisstopo:routepoint_id>
				</extensions>
			</trkpt>
			<trkpt lat="46.5267394842" lon="7.6133147903">
				<ele>1450.7</ele>
				<time>1970-01-01T01:00:00+01:00</time>
				<extensions>
					<swisstopo:routepoint_id>1401117144</swisstopo:routepoint_id>
				</extensions>
			</trkpt>
			<trkpt lat="46.5267067085" lon="7.6133431231">
				<ele>1451.3</ele>
				<time>1970-01-01T01:00:00+01:00</time>
				<extensions>
					<swisstopo:routepoint_id>777291253</swisstopo:routepoint_id>
				</extensions>
			</trkpt>
			<trkpt lat="46.5266739634" lon="7.6133544087">
				<ele>1451.8</ele>
				<time>1970-01-01T01:00:00+01:00</time>
				<extensions>
					<swisstopo:routepoint_id>401701864</swisstopo:routepoint_id>
				</extensions>
			</trkpt>
			<trkpt lat="46.5266307659" lon="7.6133561595">
				<ele>1452.1</ele>
				<time>1970-01-01T01:00:00+01:00</time>
				<extensions>
					<swisstopo:routepoint_id>451545448</swisstopo:routepoint_id>
				</extensions>
			</trkpt>
			<trkpt lat="46.5265770955" lon="7.6133559864">
				<ele>1453.3</ele>
				<time>1970-01-01T01:00:00+01:00</time>
				<extensions>
					<swisstopo:routepoint_id>107094980</swisstopo:routepoint_id>
				</extensions>
			</trkpt>
			<trkpt lat="46.5265286740" lon="7.6133501473">
				<ele>1453.7</ele>
				<time>1970-01-01T01:00:00+01:00</time>
				<extensions>
					<swisstopo:routepoint_id>1759845948</swisstopo:routepoint_id>
				</extensions>
			</trkpt>
			<trkpt lat="46.5264841616" lon="7.6133500037">
				<ele>1454.6</ele>
				<time>1970-01-01T01:00:00+01:00</time>
				<extensions>
					<swisstopo:routepoint_id>768752280</swisstopo:routepoint_id>
				</extensions>
			</trkpt>
			<trkpt lat="46.5264409438" lon="7.6133650214">
				<ele>1455.3</ele>
				<time>1970-01-01T01:00:00+01:00</time>
				<extensions>
					<swisstopo:routepoint_id>831252473</swisstopo:routepoint_id>
				</extensions>
			</trkpt>
			<trkpt lat="46.5263937582" lon="7.6134009059">
				<ele>1456.2</ele>
				<time>1970-01-01T01:00:00+01:00</time>
				<extensions>
					<swisstopo:routepoint_id>1561718363</swisstopo:routepoint_id>
				</extensions>
			</trkpt>
			<trkpt lat="46.5263478553" lon="7.6134538686">
				<ele>1457.1</ele>
				<time>1970-01-01T01:00:00+01:00</time>
				<extensions>
					<swisstopo:routepoint_id>625902553</swisstopo:routepoint_id>
				</extensions>
			</trkpt>
			<trkpt lat="46.5263137387" lon="7.6135087577">
				<ele>1458.0</ele>
				<time>1970-01-01T01:00:00+01:00</time>
				<extensions>
					<swisstopo:routepoint_id>1924533114</swisstopo:routepoint_id>
				</extensions>
			</trkpt>
			<trkpt lat="46.5262848562" lon="7.6135617737">
				<ele>1458.8</ele>
				<time>1970-01-01T01:00:00+01:00</time>
				<extensions>
					<swisstopo:routepoint_id>297363884</swisstopo:routepoint_id>
				</extensions>
			</trkpt>
			<trkpt lat="46.5262690761" lon="7.6136091378">
				<ele>1459.5</ele>
				<time>1970-01-01T01:00:00+01:00</time>
				<extensions>
					<swisstopo:routepoint_id>234652605</swisstopo:routepoint_id>
				</extensions>
			</trkpt>
			<trkpt lat="46.5262624337" lon="7.6136755068">
				<ele>1460.0</ele>
				<time>1970-01-01T01:00:00+01:00</time>
				<extensions>
					<swisstopo:routepoint_id>1227243724</swisstopo:routepoint_id>
				</extensions>
			</trkpt>
			<trkpt lat="46.5262662422" lon="7.6137494808">
				<ele>1461.1</ele>
				<time>1970-01-01T01:00:00+01:00</time>
				<extensions>
					<swisstopo:routepoint_id>2009559349</swisstopo:routepoint_id>
				</extensions>
			</trkpt>
			<trkpt lat="46.5262805397" lon="7.6138177948">
				<ele>1462.1</ele>
				<time>1970-01-01T01:00:00+01:00</time>
				<extensions>
					<swisstopo:routepoint_id>551306423</swisstopo:routepoint_id>
				</extensions>
			</trkpt>
			<trkpt lat="46.5262869981" lon="7.6138766204">
				<ele>1462.8</ele>
				<time>1970-01-01T01:00:00+01:00</time>
				<extensions>
					<swisstopo:routepoint_id>1508058991</swisstopo:routepoint_id>
				</extensions>
			</trkpt>
			<trkpt lat="46.5262790685" lon="7.6139259000">
				<ele>1463.4</ele>
				<time>1970-01-01T01:00:00+01:00</time>
				<extensions>
					<swisstopo:routepoint_id>1080404448</swisstopo:routepoint_id>
				</extensions>
			</trkpt>
			<trkpt lat="46.5262632883" lon="7.6139732624">
				<ele>1464.2</ele>
				<time>1970-01-01T01:00:00+01:00</time>
				<extensions>
					<swisstopo:routepoint_id>798489846</swisstopo:routepoint_id>
				</extensions>
			</trkpt>
			<trkpt lat="46.5262422753" lon="7.6140130239">
				<ele>1465.1</ele>
				<time>1970-01-01T01:00:00+01:00</time>
				<extensions>
					<swisstopo:routepoint_id>1638249523</swisstopo:routepoint_id>
				</extensions>
			</trkpt>
			<trkpt lat="46.5262108245" lon="7.6140394829">
				<ele>1465.7</ele>
				<time>1970-01-01T01:00:00+01:00</time>
				<extensions>
					<swisstopo:routepoint_id>125944365</swisstopo:routepoint_id>
				</extensions>
			</trkpt>
			<trkpt lat="46.5261505787" lon="7.6140563365">
				<ele>1466.7</ele>
				<time>1970-01-01T01:00:00+01:00</time>
				<extensions>
					<swisstopo:routepoint_id>192245222</swisstopo:routepoint_id>
				</extensions>
			</trkpt>
			<trkpt lat="46.5260720036" lon="7.6140788500">
				<ele>1468.2</ele>
				<time>1970-01-01T01:00:00+01:00</time>
				<extensions>
					<swisstopo:routepoint_id>1841408570</swisstopo:routepoint_id>
				</extensions>
			</trkpt>
			<trkpt lat="46.5260248515" lon="7.6140957697">
				<ele>1468.8</ele>
				<time>1970-01-01T01:00:00+01:00</time>
				<extensions>
					<swisstopo:routepoint_id>1052555608</swisstopo:routepoint_id>
				</extensions>
			</trkpt>
			<trkpt lat="46.5259763582" lon="7.6141278436">
				<ele>1469.8</ele>
				<time>1970-01-01T01:00:00+01:00</time>
				<extensions>
					<swisstopo:routepoint_id>1991494522</swisstopo:routepoint_id>
				</extensions>
			</trkpt>
			<trkpt lat="46.5259501123" lon="7.6141713933">
				<ele>1470.9</ele>
				<time>1970-01-01T01:00:00+01:00</time>
				<extensions>
					<swisstopo:routepoint_id>1464065510</swisstopo:routepoint_id>
				</extensions>
			</trkpt>
			<trkpt lat="46.5259474403" lon="7.6142093111">
				<ele>1471.4</ele>
				<time>1970-01-01T01:00:00+01:00</time>
				<extensions>
					<swisstopo:routepoint_id>2121416849</swisstopo:routepoint_id>
				</extensions>
			</trkpt>
			<trkpt lat="46.5259512470" lon="7.6142813963">
				<ele>1472.6</ele>
				<time>1970-01-01T01:00:00+01:00</time>
				<extensions>
					<swisstopo:routepoint_id>597987627</swisstopo:routepoint_id>
				</extensions>
			</trkpt>
			<trkpt lat="46.5259616452" lon="7.6143345389">
				<ele>1473.3</ele>
				<time>1970-01-01T01:00:00+01:00</time>
				<extensions>
					<swisstopo:routepoint_id>1660881301</swisstopo:routepoint_id>
				</extensions>
			</trkpt>
			<trkpt lat="46.5259838164" lon="7.6143896097">
				<ele>1474.0</ele>
				<time>1970-01-01T01:00:00+01:00</time>
				<extensions>
					<swisstopo:routepoint_id>815884155</swisstopo:routepoint_id>
				</extensions>
			</trkpt>
			<trkpt lat="46.5260059992" lon="7.6144314010">
				<ele>1474.6</ele>
				<time>1970-01-01T01:00:00+01:00</time>
				<extensions>
					<swisstopo:routepoint_id>356394587</swisstopo:routepoint_id>
				</extensions>
			</trkpt>
			<trkpt lat="46.5260386462" lon="7.6144808230">
				<ele>1475.3</ele>
				<time>1970-01-01T01:00:00+01:00</time>
				<extensions>
					<swisstopo:routepoint_id>949571696</swisstopo:routepoint_id>
				</extensions>
			</trkpt>
			<trkpt lat="46.5260138364" lon="7.6144988586">
				<ele>1475.1</ele>
				<time>1970-01-01T01:00:00+01:00</time>
				<extensions>
					<swisstopo:routepoint_id>670196273</swisstopo:routepoint_id>
				</extensions>
			</trkpt>
			<trkpt lat="46.5259903569" lon="7.6144945345">
				<ele>1475.5</ele>
				<time>1970-01-01T01:00:00+01:00</time>
				<extensions>
					<swisstopo:routepoint_id>789339563</swisstopo:routepoint_id>
				</extensions>
			</trkpt>
			<trkpt lat="46.5259228615" lon="7.6144730445">
				<ele>1476.9</ele>
				<time>1970-01-01T01:00:00+01:00</time>
				<extensions>
					<swisstopo:routepoint_id>1830276815</swisstopo:routepoint_id>
				</extensions>
			</trkpt>
			<trkpt lat="46.5258920084" lon="7.6144878292">
				<ele>1478.3</ele>
				<time>1970-01-01T01:00:00+01:00</time>
				<extensions>
					<swisstopo:routepoint_id>1423326155</swisstopo:routepoint_id>
				</extensions>
			</trkpt>
			<trkpt lat="46.5258508201" lon="7.6145451173">
				<ele>1480.1</ele>
				<time>1970-01-01T01:00:00+01:00</time>
				<extensions>
					<swisstopo:routepoint_id>198127585</swisstopo:routepoint_id>
				</extensions>
			</trkpt>
			<trkpt lat="46.5257978230" lon="7.6146406608">
				<ele>1482.6</ele>
				<time>1970-01-01T01:00:00+01:00</time>
				<extensions>
					<swisstopo:routepoint_id>142849727</swisstopo:routepoint_id>
				</extensions>
			</trkpt>
			<trkpt lat="46.5257712185" lon="7.6147596559">
				<ele>1485.1</ele>
				<time>1970-01-01T01:00:00+01:00</time>
				<extensions>
					<swisstopo:routepoint_id>1054203007</swisstopo:routepoint_id>
				</extensions>
			</trkpt>
			<trkpt lat="46.5257430842" lon="7.6149190749">
				<ele>1487.8</ele>
				<time>1970-01-01T01:00:00+01:00</time>
				<extensions>
					<swisstopo:routepoint_id>1264354479</swisstopo:routepoint_id>
				</extensions>
			</trkpt>
			<trkpt lat="46.5256855965" lon="7.6150720248">
				<ele>1490.6</ele>
				<time>1970-01-01T01:00:00+01:00</time>
				<extensions>
					<swisstopo:routepoint_id>391249948</swisstopo:routepoint_id>
				</extensions>
			</trkpt>
			<trkpt lat="46.5256237196" lon="7.6152142992">
				<ele>1493.8</ele>
				<time>1970-01-01T01:00:00+01:00</time>
				<extensions>
					<swisstopo:routepoint_id>697289389</swisstopo:routepoint_id>
				</extensions>
			</trkpt>
			<trkpt lat="46.5255677195" lon="7.6153566179">
				<ele>1497.3</ele>
				<time>1970-01-01T01:00:00+01:00</time>
				<extensions>
					<swisstopo:routepoint_id>435288183</swisstopo:routepoint_id>
				</extensions>
			</trkpt>
			<trkpt lat="46.5255264084" lon="7.6154925984">
				<ele>1500.5</ele>
				<time>1970-01-01T01:00:00+01:00</time>
				<extensions>
					<swisstopo:routepoint_id>1830829830</swisstopo:routepoint_id>
				</extensions>
			</trkpt>
			<trkpt lat="46.5254822106" lon="7.6155924169">
				<ele>1503.5</ele>
				<time>1970-01-01T01:00:00+01:00</time>
				<extensions>
					<swisstopo:routepoint_id>1866668381</swisstopo:routepoint_id>
				</extensions>
			</trkpt>
			<trkpt lat="46.5254292479" lon="7.6156709231">
				<ele>1505.4</ele>
				<time>1970-01-01T01:00:00+01:00</time>
				<extensions>
					<swisstopo:routepoint_id>929154901</swisstopo:routepoint_id>
				</extensions>
			</trkpt>
			<trkpt lat="46.5253834636" lon="7.6158472899">
				<ele>1510.1</ele>
				<time>1970-01-01T01:00:00+01:00</time>
				<extensions>
					<swisstopo:routepoint_id>1900300225</swisstopo:routepoint_id>
				</extensions>
			</trkpt>
			<trkpt lat="46.5253744558" lon="7.6159706176">
				<ele>1512.8</ele>
				<time>1970-01-01T01:00:00+01:00</time>
				<extensions>
					<swisstopo:routepoint_id>2017293116</swisstopo:routepoint_id>
				</extensions>
			</trkpt>
			<trkpt lat="46.5253889282" lon="7.6161088909">
				<ele>1516.2</ele>
				<time>1970-01-01T01:00:00+01:00</time>
				<extensions>
					<swisstopo:routepoint_id>954460082</swisstopo:routepoint_id>
				</extensions>
			</trkpt>
			<trkpt lat="46.5254195137" lon="7.6162600035">
				<ele>1519.9</ele>
				<time>1970-01-01T01:00:00+01:00</time>
				<extensions>
					<swisstopo:routepoint_id>606244624</swisstopo:routepoint_id>
				</extensions>
			</trkpt>
			<trkpt lat="46.5254354009" lon="7.6164259384">
				<ele>1523.6</ele>
				<time>1970-01-01T01:00:00+01:00</time>
				<extensions>
					<swisstopo:routepoint_id>1944324601</swisstopo:routepoint_id>
				</extensions>
			</trkpt>
			<trkpt lat="46.5254366206" lon="7.6165896997">
				<ele>1526.9</ele>
				<time>1970-01-01T01:00:00+01:00</time>
				<extensions>
					<swisstopo:routepoint_id>1220872405</swisstopo:routepoint_id>
				</extensions>
			</trkpt>
			<trkpt lat="46.5254012306" lon="7.6166938066">
				<ele>1529.1</ele>
				<time>1970-01-01T01:00:00+01:00</time>
				<extensions>
					<swisstopo:routepoint_id>348234348</swisstopo:routepoint_id>
				</extensions>
			</trkpt>
			<trkpt lat="46.5254128937" lon="7.6167406340">
				<ele>1530.1</ele>
				<time>1970-01-01T01:00:00+01:00</time>
				<extensions>
					<swisstopo:routepoint_id>377343059</swisstopo:routepoint_id>
				</extensions>
			</trkpt>
			<trkpt lat="46.5254862758" lon="7.6167557585">
				<ele>1530.6</ele>
				<time>1970-01-01T01:00:00+01:00</time>
				<extensions>
					<swisstopo:routepoint_id>1078622407</swisstopo:routepoint_id>
				</extensions>
			</trkpt>
			<trkpt lat="46.5255405498" lon="7.6167771933">
				<ele>1531.0</ele>
				<time>1970-01-01T01:00:00+01:00</time>
				<extensions>
					<swisstopo:routepoint_id>1393506895</swisstopo:routepoint_id>
				</extensions>
			</trkpt>
			<trkpt lat="46.5255654462" lon="7.6168134291">
				<ele>1531.9</ele>
				<time>1970-01-01T01:00:00+01:00</time>
				<extensions>
					<swisstopo:routepoint_id>1950667857</swisstopo:routepoint_id>
				</extensions>
			</trkpt>
			<trkpt lat="46.5255697917" lon="7.6168517339">
				<ele>1532.5</ele>
				<time>1970-01-01T01:00:00+01:00</time>
				<extensions>
					<swisstopo:routepoint_id>1305532694</swisstopo:routepoint_id>
				</extensions>
			</trkpt>
			<trkpt lat="46.5255813892" lon="7.6169432236">
				<ele>1535.6</ele>
				<time>1970-01-01T01:00:00+01:00</time>
				<extensions>
					<swisstopo:routepoint_id>241593040</swisstopo:routepoint_id>
				</extensions>
			</trkpt>
			<trkpt lat="46.5256047018" lon="7.6170538844">
				<ele>1540.1</ele>
				<time>1970-01-01T01:00:00+01:00</time>
				<extensions>
					<swisstopo:routepoint_id>711309605</swisstopo:routepoint_id>
				</extensions>
			</trkpt>
			<trkpt lat="46.5256118411" lon="7.6171815134">
				<ele>1544.1</ele>
				<time>1970-01-01T01:00:00+01:00</time>
				<extensions>
					<swisstopo:routepoint_id>145687882</swisstopo:routepoint_id>
				</extensions>
			</trkpt>
			<trkpt lat="46.5256086654" lon="7.6173325158">
				<ele>1549.6</ele>
				<time>1970-01-01T01:00:00+01:00</time>
				<extensions>
					<swisstopo:routepoint_id>1714538671</swisstopo:routepoint_id>
				</extensions>
			</trkpt>
			<trkpt lat="46.5256026581" lon="7.6174154249">
				<ele>1553.2</ele>
				<time>1970-01-01T01:00:00+01:00</time>
				<extensions>
					<swisstopo:routepoint_id>1266778528</swisstopo:routepoint_id>
				</extensions>
			</trkpt>
			<trkpt lat="46.5255834717" lon="7.6174855424">
				<ele>1555.4</ele>
				<time>1970-01-01T01:00:00+01:00</time>
				<extensions>
					<swisstopo:routepoint_id>1394353766</swisstopo:routepoint_id>
				</extensions>
			</trkpt>
			<trkpt lat="46.5255554440" lon="7.6175747774">
				<ele>1558.2</ele>
				<time>1970-01-01T01:00:00+01:00</time>
				<extensions>
					<swisstopo:routepoint_id>591211978</swisstopo:routepoint_id>
				</extensions>
			</trkpt>
			<trkpt lat="46.5255406174" lon="7.6176683054">
				<ele>1561.1</ele>
				<time>1970-01-01T01:00:00+01:00</time>
				<extensions>
					<swisstopo:routepoint_id>1687427088</swisstopo:routepoint_id>
				</extensions>
			</trkpt>
			<trkpt lat="46.5255067226" lon="7.6177511349">
				<ele>1563.4</ele>
				<time>1970-01-01T01:00:00+01:00</time>
				<extensions>
					<swisstopo:routepoint_id>369123147</swisstopo:routepoint_id>
				</extensions>
			</trkpt>
			<trkpt lat="46.5254464200" lon="7.6178232542">
				<ele>1565.8</ele>
				<time>1970-01-01T01:00:00+01:00</time>
				<extensions>
					<swisstopo:routepoint_id>1081256754</swisstopo:routepoint_id>
				</extensions>
			</trkpt>
			<trkpt lat="46.5253788032" lon="7.6178847028">
				<ele>1567.9</ele>
				<time>1970-01-01T01:00:00+01:00</time>
				<extensions>
					<swisstopo:routepoint_id>1899083427</swisstopo:routepoint_id>
				</extensions>
			</trkpt>
			<trkpt lat="46.5253420255" lon="7.6179377419">
				<ele>1569.5</ele>
				<time>1970-01-01T01:00:00+01:00</time>
				<extensions>
					<swisstopo:routepoint_id>356913618</swisstopo:routepoint_id>
				</extensions>
			</trkpt>
			<trkpt lat="46.5253139887" lon="7.6180269762">
				<ele>1571.1</ele>
				<time>1970-01-01T01:00:00+01:00</time>
				<extensions>
					<swisstopo:routepoint_id>829066296</swisstopo:routepoint_id>
				</extensions>
			</trkpt>
			<trkpt lat="46.5252977517" lon="7.6180843452">
				<ele>1572.7</ele>
				<time>1970-01-01T01:00:00+01:00</time>
				<extensions>
					<swisstopo:routepoint_id>707903766</swisstopo:routepoint_id>
				</extensions>
			</trkpt>
			<trkpt lat="46.5252902690" lon="7.6181693855">
				<ele>1575.0</ele>
				<time>1970-01-01T01:00:00+01:00</time>
				<extensions>
					<swisstopo:routepoint_id>978104656</swisstopo:routepoint_id>
				</extensions>
			</trkpt>
			<trkpt lat="46.5252842406" lon="7.6182735885">
				<ele>1578.5</ele>
				<time>1970-01-01T01:00:00+01:00</time>
				<extensions>
					<swisstopo:routepoint_id>1653616929</swisstopo:routepoint_id>
				</extensions>
			</trkpt>
			<trkpt lat="46.5252855508" lon="7.6183756664">
				<ele>1581.7</ele>
				<time>1970-01-01T01:00:00+01:00</time>
				<extensions>
					<swisstopo:routepoint_id>2078013253</swisstopo:routepoint_id>
				</extensions>
			</trkpt>
			<trkpt lat="46.5252853893" lon="7.6184777522">
				<ele>1585.9</ele>
				<time>1970-01-01T01:00:00+01:00</time>
				<extensions>
					<swisstopo:routepoint_id>1996858913</swisstopo:routepoint_id>
				</extensions>
			</trkpt>
			<trkpt lat="46.5252911331" lon="7.6185564504">
				<ele>1588.5</ele>
				<time>1970-01-01T01:00:00+01:00</time>
				<extensions>
					<swisstopo:routepoint_id>2122178467</swisstopo:routepoint_id>
				</extensions>
			</trkpt>
			<trkpt lat="46.5252719146" lon="7.6186435898">
				<ele>1591.6</ele>
				<time>1970-01-01T01:00:00+01:00</time>
				<extensions>
					<swisstopo:routepoint_id>1294055601</swisstopo:routepoint_id>
				</extensions>
			</trkpt>
			<trkpt lat="46.5252512573" lon="7.6187073171">
				<ele>1594.5</ele>
				<time>1970-01-01T01:00:00+01:00</time>
				<extensions>
					<swisstopo:routepoint_id>72968514</swisstopo:routepoint_id>
				</extensions>
			</trkpt>
			<trkpt lat="46.5252364386" lon="7.6188008426">
				<ele>1596.6</ele>
				<time>1970-01-01T01:00:00+01:00</time>
				<extensions>
					<swisstopo:routepoint_id>1881071325</swisstopo:routepoint_id>
				</extensions>
			</trkpt>
			<trkpt lat="46.5252128595" lon="7.6188539391">
				<ele>1598.3</ele>
				<time>1970-01-01T01:00:00+01:00</time>
				<extensions>
					<swisstopo:routepoint_id>258010275</swisstopo:routepoint_id>
				</extensions>
			</trkpt>
			<trkpt lat="46.5251614010" lon="7.6189048174">
				<ele>1599.7</ele>
				<time>1970-01-01T01:00:00+01:00</time>
				<extensions>
					<swisstopo:routepoint_id>1566981542</swisstopo:routepoint_id>
				</extensions>
			</trkpt>
			<trkpt lat="46.5251128641" lon="7.6189663262">
				<ele>1600.3</ele>
				<time>1970-01-01T01:00:00+01:00</time>
				<extensions>
					<swisstopo:routepoint_id>142249998</swisstopo:routepoint_id>
				</extensions>
			</trkpt>
			<trkpt lat="46.5250892736" lon="7.6190321816">
				<ele>1602.5</ele>
				<time>1970-01-01T01:00:00+01:00</time>
				<extensions>
					<swisstopo:routepoint_id>1102211101</swisstopo:routepoint_id>
				</extensions>
			</trkpt>
			<trkpt lat="46.5250935610" lon="7.6191066254">
				<ele>1604.4</ele>
				<time>1970-01-01T01:00:00+01:00</time>
				<extensions>
					<swisstopo:routepoint_id>574158850</swisstopo:routepoint_id>
				</extensions>
			</trkpt>
			<trkpt lat="46.5251007703" lon="7.6191832170">
				<ele>1606.3</ele>
				<time>1970-01-01T01:00:00+01:00</time>
				<extensions>
					<swisstopo:routepoint_id>1920573361</swisstopo:routepoint_id>
				</extensions>
			</trkpt>
			<trkpt lat="46.5251006859" lon="7.6192363773">
				<ele>1608.3</ele>
				<time>1970-01-01T01:00:00+01:00</time>
				<extensions>
					<swisstopo:routepoint_id>1151913855</swisstopo:routepoint_id>
				</extensions>
			</trkpt>
			<trkpt lat="46.5250667504" lon="7.6193468615">
				<ele>1611.5</ele>
				<time>1970-01-01T01:00:00+01:00</time>
				<extensions>
					<swisstopo:routepoint_id>1239358251</swisstopo:routepoint_id>
				</extensions>
			</trkpt>
			<trkpt lat="46.5250342785" lon="7.6194594727">
				<ele>1613.9</ele>
				<time>1970-01-01T01:00:00+01:00</time>
				<extensions>
					<swisstopo:routepoint_id>1159844811</swisstopo:routepoint_id>
				</extensions>
			</trkpt>
			<trkpt lat="46.5250033301" lon="7.6195338003">
				<ele>1615.6</ele>
				<time>1970-01-01T01:00:00+01:00</time>
				<extensions>
					<swisstopo:routepoint_id>674538016</swisstopo:routepoint_id>
				</extensions>
			</trkpt>
			<trkpt lat="46.5249900400" lon="7.6195826670">
				<ele>1616.6</ele>
				<time>1970-01-01T01:00:00+01:00</time>
				<extensions>
					<swisstopo:routepoint_id>1592014725</swisstopo:routepoint_id>
				</extensions>
			</trkpt>
			<trkpt lat="46.5249912992" lon="7.6197187723">
				<ele>1620.8</ele>
				<time>1970-01-01T01:00:00+01:00</time>
				<extensions>
					<swisstopo:routepoint_id>898817764</swisstopo:routepoint_id>
				</extensions>
			</trkpt>
			<trkpt lat="46.5249851952" lon="7.6198612532">
				<ele>1624.8</ele>
				<time>1970-01-01T01:00:00+01:00</time>
				<extensions>
					<swisstopo:routepoint_id>1123326693</swisstopo:routepoint_id>
				</extensions>
			</trkpt>
			<trkpt lat="46.5249644602" lon="7.6199760144">
				<ele>1627.4</ele>
				<time>1970-01-01T01:00:00+01:00</time>
				<extensions>
					<swisstopo:routepoint_id>1726835088</swisstopo:routepoint_id>
				</extensions>
			</trkpt>
			<trkpt lat="46.5249290536" lon="7.6200886168">
				<ele>1630.6</ele>
				<time>1970-01-01T01:00:00+01:00</time>
				<extensions>
					<swisstopo:routepoint_id>1025230618</swisstopo:routepoint_id>
				</extensions>
			</trkpt>
			<trkpt lat="46.5248643008" lon="7.6201904982">
				<ele>1633.3</ele>
				<time>1970-01-01T01:00:00+01:00</time>
				<extensions>
					<swisstopo:routepoint_id>1657438872</swisstopo:routepoint_id>
				</extensions>
			</trkpt>
			<trkpt lat="46.5247804548" lon="7.6203029378">
				<ele>1637.0</ele>
				<time>1970-01-01T01:00:00+01:00</time>
				<extensions>
					<swisstopo:routepoint_id>1935827309</swisstopo:routepoint_id>
				</extensions>
			</trkpt>
			<trkpt lat="46.5247510103" lon="7.6203538753">
				<ele>1638.8</ele>
				<time>1970-01-01T01:00:00+01:00</time>
				<extensions>
					<swisstopo:routepoint_id>12209529</swisstopo:routepoint_id>
				</extensions>
			</trkpt>
			<trkpt lat="46.5247524162" lon="7.6203921573">
				<ele>1639.9</ele>
				<time>1970-01-01T01:00:00+01:00</time>
				<extensions>
					<swisstopo:routepoint_id>252190458</swisstopo:routepoint_id>
				</extensions>
			</trkpt>
			<trkpt lat="46.5247624154" lon="7.6204677542">
				<ele>1641.8</ele>
				<time>1970-01-01T01:00:00+01:00</time>
				<extensions>
					<swisstopo:routepoint_id>1191179661</swisstopo:routepoint_id>
				</extensions>
			</trkpt>
			<trkpt lat="46.5247434871" lon="7.6204686802">
				<ele>1641.8</ele>
				<time>1970-01-01T01:00:00+01:00</time>
				<extensions>
					<swisstopo:routepoint_id>1526292609</swisstopo:routepoint_id>
				</extensions>
			</trkpt>
			<trkpt lat="46.5246994501" lon="7.6204706705">
				<ele>1642.9</ele>
				<time>1970-01-01T01:00:00+01:00</time>
				<extensions>
					<swisstopo:routepoint_id>1322933014</swisstopo:routepoint_id>
				</extensions>
			</trkpt>
			<trkpt lat="46.5246627270" lon="7.6204833063">
				<ele>1644.1</ele>
				<time>1970-01-01T01:00:00+01:00</time>
				<extensions>
					<swisstopo:routepoint_id>777374161</swisstopo:routepoint_id>
				</extensions>
			</trkpt>
			<trkpt lat="46.5246509352" lon="7.6205151580">
				<ele>1645.1</ele>
				<time>1970-01-01T01:00:00+01:00</time>
				<extensions>
					<swisstopo:routepoint_id>1128729391</swisstopo:routepoint_id>
				</extensions>
			</trkpt>
			<trkpt lat="46.5246332348" lon="7.6205640220">
				<ele>1646.5</ele>
				<time>1970-01-01T01:00:00+01:00</time>
				<extensions>
					<swisstopo:routepoint_id>1678922110</swisstopo:routepoint_id>
				</extensions>
			</trkpt>
			<trkpt lat="46.5245876097" lon="7.6206361610">
				<ele>1649.5</ele>
				<time>1970-01-01T01:00:00+01:00</time>
				<extensions>
					<swisstopo:routepoint_id>783957652</swisstopo:routepoint_id>
				</extensions>
			</trkpt>
			<trkpt lat="46.5245170311" lon="7.6207167528">
				<ele>1653.7</ele>
				<time>1970-01-01T01:00:00+01:00</time>
				<extensions>
					<swisstopo:routepoint_id>1923890398</swisstopo:routepoint_id>
				</extensions>
			</trkpt>
			<trkpt lat="46.5244464289" lon="7.6208037174">
				<ele>1658.8</ele>
				<time>1970-01-01T01:00:00+01:00</time>
				<extensions>
					<swisstopo:routepoint_id>241107141</swisstopo:routepoint_id>
				</extensions>
			</trkpt>
			<trkpt lat="46.5243773610" lon="7.6208460241">
				<ele>1662.0</ele>
				<time>1970-01-01T01:00:00+01:00</time>
				<extensions>
					<swisstopo:routepoint_id>1036045325</swisstopo:routepoint_id>
				</extensions>
			</trkpt>
			<trkpt lat="46.5243465135" lon="7.6208650381">
				<ele>1663.9</ele>
				<time>1970-01-01T01:00:00+01:00</time>
				<extensions>
					<swisstopo:routepoint_id>653470620</swisstopo:routepoint_id>
				</extensions>
			</trkpt>
			<trkpt lat="46.5243273819" lon="7.6208968903">
				<ele>1665.1</ele>
				<time>1970-01-01T01:00:00+01:00</time>
				<extensions>
					<swisstopo:routepoint_id>1738821327</swisstopo:routepoint_id>
				</extensions>
			</trkpt>
			<trkpt lat="46.5242831350" lon="7.6210243311">
				<ele>1669.7</ele>
				<time>1970-01-01T01:00:00+01:00</time>
				<extensions>
					<swisstopo:routepoint_id>1303282822</swisstopo:routepoint_id>
				</extensions>
			</trkpt>
			<trkpt lat="46.5242625338" lon="7.6210604275">
				<ele>1671.4</ele>
				<time>1970-01-01T01:00:00+01:00</time>
				<extensions>
					<swisstopo:routepoint_id>992822691</swisstopo:routepoint_id>
				</extensions>
			</trkpt>
			<trkpt lat="46.5242258039" lon="7.6210773104">
				<ele>1673.1</ele>
				<time>1970-01-01T01:00:00+01:00</time>
				<extensions>
					<swisstopo:routepoint_id>369160285</swisstopo:routepoint_id>
				</extensions>
			</trkpt>
			<trkpt lat="46.5242213598" lon="7.6210985657">
				<ele>1674.0</ele>
				<time>1970-01-01T01:00:00+01:00</time>
				<extensions>
					<swisstopo:routepoint_id>2097780894</swisstopo:routepoint_id>
				</extensions>
			</trkpt>
			<trkpt lat="46.5242008960" lon="7.6211886557">
				<ele>1676.6</ele>
				<time>1970-01-01T01:00:00+01:00</time>
				<extensions>
					<swisstopo:routepoint_id>1482284247</swisstopo:routepoint_id>
				</extensions>
			</trkpt>
			<trkpt lat="46.5241529400" lon="7.6212268107">
				<ele>1679.5</ele>
				<time>1970-01-01T01:00:00+01:00</time>
				<extensions>
					<swisstopo:routepoint_id>760728549</swisstopo:routepoint_id>
				</extensions>
			</trkpt>
			<trkpt lat="46.5241403812" lon="7.6212492747">
				<ele>1680.2</ele>
				<time>1970-01-01T01:00:00+01:00</time>
				<extensions>
					<swisstopo:routepoint_id>477375838</swisstopo:routepoint_id>
				</extensions>
			</trkpt>
			<trkpt lat="46.5241314516" lon="7.6213258109">
				<ele>1682.0</ele>
				<time>1970-01-01T01:00:00+01:00</time>
				<extensions>
					<swisstopo:routepoint_id>1794827174</swisstopo:routepoint_id>
				</extensions>
			</trkpt>
			<trkpt lat="46.5241312499" lon="7.6214512884">
				<ele>1685.6</ele>
				<time>1970-01-01T01:00:00+01:00</time>
				<extensions>
					<swisstopo:routepoint_id>261027047</swisstopo:routepoint_id>
				</extensions>
			</trkpt>
			<trkpt lat="46.5241457470" lon="7.6215619312">
				<ele>1688.8</ele>
				<time>1970-01-01T01:00:00+01:00</time>
				<extensions>
					<swisstopo:routepoint_id>1698694971</swisstopo:routepoint_id>
				</extensions>
			</trkpt>
			<trkpt lat="46.5241705651" lon="7.6216513403">
				<ele>1691.3</ele>
				<time>1970-01-01T01:00:00+01:00</time>
				<extensions>
					<swisstopo:routepoint_id>2012663285</swisstopo:routepoint_id>
				</extensions>
			</trkpt>
			<trkpt lat="46.5241910535" lon="7.6216854243">
				<ele>1692.2</ele>
				<time>1970-01-01T01:00:00+01:00</time>
				<extensions>
					<swisstopo:routepoint_id>2021070794</swisstopo:routepoint_id>
				</extensions>
			</trkpt>
			<trkpt lat="46.5241910055" lon="7.6217152040">
				<ele>1692.6</ele>
				<time>1970-01-01T01:00:00+01:00</time>
				<extensions>
					<swisstopo:routepoint_id>1613371468</swisstopo:routepoint_id>
				</extensions>
			</trkpt>
			<trkpt lat="46.5241689680" lon="7.6217321378">
				<ele>1693.3</ele>
				<time>1970-01-01T01:00:00+01:00</time>
				<extensions>
					<swisstopo:routepoint_id>1938491426</swisstopo:routepoint_id>
				</extensions>
			</trkpt>
			<trkpt lat="46.5240691014" lon="7.6217573308">
				<ele>1695.9</ele>
				<time>1970-01-01T01:00:00+01:00</time>
				<extensions>
					<swisstopo:routepoint_id>1013021089</swisstopo:routepoint_id>
				</extensions>
			</trkpt>
			<trkpt lat="46.5239824911" lon="7.6217634238">
				<ele>1698.9</ele>
				<time>1970-01-01T01:00:00+01:00</time>
				<extensions>
					<swisstopo:routepoint_id>1405248414</swisstopo:routepoint_id>
				</extensions>
			</trkpt>
			<trkpt lat="46.5238958941" lon="7.6217503595">
				<ele>1701.8</ele>
				<time>1970-01-01T01:00:00+01:00</time>
				<extensions>
					<swisstopo:routepoint_id>744647648</swisstopo:routepoint_id>
				</extensions>
			</trkpt>
			<trkpt lat="46.5238166851" lon="7.6217181882">
				<ele>1704.6</ele>
				<time>1970-01-01T01:00:00+01:00</time>
				<extensions>
					<swisstopo:routepoint_id>633400568</swisstopo:routepoint_id>
				</extensions>
			</trkpt>
			<trkpt lat="46.5236876399" lon="7.6216369372">
				<ele>1709.3</ele>
				<time>1970-01-01T01:00:00+01:00</time>
				<extensions>
					<swisstopo:routepoint_id>1076741091</swisstopo:routepoint_id>
				</extensions>
			</trkpt>
			<trkpt lat="46.5235791890" lon="7.6215238527">
				<ele>1713.5</ele>
				<time>1970-01-01T01:00:00+01:00</time>
				<extensions>
					<swisstopo:routepoint_id>413805500</swisstopo:routepoint_id>
				</extensions>
			</trkpt>
			<trkpt lat="46.5235454429" lon="7.6215152420">
				<ele>1715.1</ele>
				<time>1970-01-01T01:00:00+01:00</time>
				<extensions>
					<swisstopo:routepoint_id>397563218</swisstopo:routepoint_id>
				</extensions>
			</trkpt>
			<trkpt lat="46.5235366055" lon="7.6215343439">
				<ele>1716.0</ele>
				<time>1970-01-01T01:00:00+01:00</time>
				<extensions>
					<swisstopo:routepoint_id>1791494552</swisstopo:routepoint_id>
				</extensions>
			</trkpt>
			<trkpt lat="46.5235453403" lon="7.6215790483">
				<ele>1716.7</ele>
				<time>1970-01-01T01:00:00+01:00</time>
				<extensions>
					<swisstopo:routepoint_id>2140900157</swisstopo:routepoint_id>
				</extensions>
			</trkpt>
			<trkpt lat="46.5235613635" lon="7.6216556552">
				<ele>1717.3</ele>
				<time>1970-01-01T01:00:00+01:00</time>
				<extensions>
					<swisstopo:routepoint_id>1352322641</swisstopo:routepoint_id>
				</extensions>
			</trkpt>
			<trkpt lat="46.5235597507" lon="7.6217407121">
				<ele>1718.6</ele>
				<time>1970-01-01T01:00:00+01:00</time>
				<extensions>
					<swisstopo:routepoint_id>1437814969</swisstopo:routepoint_id>
				</extensions>
			</trkpt>
			<trkpt lat="46.5235478327" lon="7.6218533883">
				<ele>1721.1</ele>
				<time>1970-01-01T01:00:00+01:00</time>
				<extensions>
					<swisstopo:routepoint_id>1895395974</swisstopo:routepoint_id>
				</extensions>
			</trkpt>
			<trkpt lat="46.5235064369" lon="7.6219962675">
				<ele>1725.0</ele>
				<time>1970-01-01T01:00:00+01:00</time>
				<extensions>
					<swisstopo:routepoint_id>1270419778</swisstopo:routepoint_id>
				</extensions>
			</trkpt>
			<trkpt lat="46.5234935120" lon="7.6220386427">
				<ele>1726.0</ele>
				<time>1970-01-01T01:00:00+01:00</time>
				<extensions>
					<swisstopo:routepoint_id>649769462</swisstopo:routepoint_id>
				</extensions>
			</trkpt>
			<trkpt lat="46.5234862816" lon="7.6220934460">
				<ele>1727.1</ele>
				<time>1970-01-01T01:00:00+01:00</time>
				<extensions>
					<swisstopo:routepoint_id>1880246151</swisstopo:routepoint_id>
				</extensions>
			</trkpt>
			<trkpt lat="46.5234826559" lon="7.6221327409">
				<ele>1728.0</ele>
				<time>1970-01-01T01:00:00+01:00</time>
				<extensions>
					<swisstopo:routepoint_id>1808131577</swisstopo:routepoint_id>
				</extensions>
			</trkpt>
			<trkpt lat="46.5234811716" lon="7.6221679100">
				<ele>1728.7</ele>
				<time>1970-01-01T01:00:00+01:00</time>
				<extensions>
					<swisstopo:routepoint_id>1369661042</swisstopo:routepoint_id>
				</extensions>
			</trkpt>
			<trkpt lat="46.5234853991" lon="7.6222020549">
				<ele>1729.2</ele>
				<time>1970-01-01T01:00:00+01:00</time>
				<extensions>
					<swisstopo:routepoint_id>1352985575</swisstopo:routepoint_id>
				</extensions>
			</trkpt>
			<trkpt lat="46.5234924977" lon="7.6222289774">
				<ele>1729.4</ele>
				<time>1970-01-01T01:00:00+01:00</time>
				<extensions>
					<swisstopo:routepoint_id>1658022092</swisstopo:routepoint_id>
				</extensions>
			</trkpt>
			<trkpt lat="46.5235002811" lon="7.6222724536">
				<ele>1729.5</ele>
				<time>1970-01-01T01:00:00+01:00</time>
				<extensions>
					<swisstopo:routepoint_id>1755915383</swisstopo:routepoint_id>
				</extensions>
			</trkpt>
			<trkpt lat="46.5235158752" lon="7.6223397430">
				<ele>1729.7</ele>
				<time>1970-01-01T01:00:00+01:00</time>
				<extensions>
					<swisstopo:routepoint_id>1620405056</swisstopo:routepoint_id>
				</extensions>
			</trkpt>
			<trkpt lat="46.5235301085" lon="7.6223739219">
				<ele>1729.9</ele>
				<time>1970-01-01T01:00:00+01:00</time>
				<extensions>
					<swisstopo:routepoint_id>1834940720</swisstopo:routepoint_id>
				</extensions>
			</trkpt>
			<trkpt lat="46.5235749844" lon="7.6224371776">
				<ele>1730.1</ele>
				<time>1970-01-01T01:00:00+01:00</time>
				<extensions>
					<swisstopo:routepoint_id>499701502</swisstopo:routepoint_id>
				</extensions>
			</trkpt>
			<trkpt lat="46.5236320794" lon="7.6224518515">
				<ele>1728.7</ele>
				<time>1970-01-01T01:00:00+01:00</time>
				<extensions>
					<swisstopo:routepoint_id>926164515</swisstopo:routepoint_id>
				</extensions>
			</trkpt>
			<trkpt lat="46.5236691968" lon="7.6224643958">
				<ele>1728.3</ele>
				<time>1970-01-01T01:00:00+01:00</time>
				<extensions>
					<swisstopo:routepoint_id>1929647537</swisstopo:routepoint_id>
				</extensions>
			</trkpt>
			<trkpt lat="46.5236948682" lon="7.6224820653">
				<ele>1728.4</ele>
				<time>1970-01-01T01:00:00+01:00</time>
				<extensions>
					<swisstopo:routepoint_id>387439901</swisstopo:routepoint_id>
				</extensions>
			</trkpt>
			<trkpt lat="46.5237262517" lon="7.6225038968">
				<ele>1729.0</ele>
				<time>1970-01-01T01:00:00+01:00</time>
				<extensions>
					<swisstopo:routepoint_id>85323503</swisstopo:routepoint_id>
				</extensions>
			</trkpt>
			<trkpt lat="46.5237590610" lon="7.6225267609">
				<ele>1730.2</ele>
				<time>1970-01-01T01:00:00+01:00</time>
				<extensions>
					<swisstopo:routepoint_id>74171858</swisstopo:routepoint_id>
				</extensions>
			</trkpt>
			<trkpt lat="46.5238361043" lon="7.6225725471">
				<ele>1732.7</ele>
				<time>1970-01-01T01:00:00+01:00</time>
				<extensions>
					<swisstopo:routepoint_id>1008049705</swisstopo:routepoint_id>
				</extensions>
			</trkpt>
			<trkpt lat="46.5238817774" lon="7.6225882228">
				<ele>1732.8</ele>
				<time>1970-01-01T01:00:00+01:00</time>
				<extensions>
					<swisstopo:routepoint_id>208123054</swisstopo:routepoint_id>
				</extensions>
			</trkpt>
			<trkpt lat="46.5239117497" lon="7.6225945290">
				<ele>1732.8</ele>
				<time>1970-01-01T01:00:00+01:00</time>
				<extensions>
					<swisstopo:routepoint_id>1193843778</swisstopo:routepoint_id>
				</extensions>
			</trkpt>
			<trkpt lat="46.5239488444" lon="7.6226184514">
				<ele>1734.0</ele>
				<time>1970-01-01T01:00:00+01:00</time>
				<extensions>
					<swisstopo:routepoint_id>379620521</swisstopo:routepoint_id>
				</extensions>
			</trkpt>
			<trkpt lat="46.5239695360" lon="7.6226298997">
				<ele>1734.5</ele>
				<time>1970-01-01T01:00:00+01:00</time>
				<extensions>
					<swisstopo:routepoint_id>328507323</swisstopo:routepoint_id>
				</extensions>
			</trkpt>
			<trkpt lat="46.5239916397" lon="7.6226454827">
				<ele>1735.4</ele>
				<time>1970-01-01T01:00:00+01:00</time>
				<extensions>
					<swisstopo:routepoint_id>330842148</swisstopo:routepoint_id>
				</extensions>
			</trkpt>
			<trkpt lat="46.5240151863" lon="7.6226569407">
				<ele>1735.8</ele>
				<time>1970-01-01T01:00:00+01:00</time>
				<extensions>
					<swisstopo:routepoint_id>235837350</swisstopo:routepoint_id>
				</extensions>
			</trkpt>
			<trkpt lat="46.5240330152" lon="7.6226704506">
				<ele>1736.4</ele>
				<time>1970-01-01T01:00:00+01:00</time>
				<extensions>
					<swisstopo:routepoint_id>1432730187</swisstopo:routepoint_id>
				</extensions>
			</trkpt>
			<trkpt lat="46.5240857503" lon="7.6227002648">
				<ele>1736.2</ele>
				<time>1970-01-01T01:00:00+01:00</time>
				<extensions>
					<swisstopo:routepoint_id>420388991</swisstopo:routepoint_id>
				</extensions>
			</trkpt>
			<trkpt lat="46.5240571505" lon="7.6227089653">
				<ele>1736.7</ele>
				<time>1970-01-01T01:00:00+01:00</time>
				<extensions>
					<swisstopo:routepoint_id>1192724225</swisstopo:routepoint_id>
				</extensions>
			</trkpt>
			<trkpt lat="46.5239838662" lon="7.6227289428">
				<ele>1737.9</ele>
				<time>1970-01-01T01:00:00+01:00</time>
				<extensions>
					<swisstopo:routepoint_id>353679583</swisstopo:routepoint_id>
				</extensions>
			</trkpt>
			<trkpt lat="46.5239295279" lon="7.6227478901">
				<ele>1738.7</ele>
				<time>1970-01-01T01:00:00+01:00</time>
				<extensions>
					<swisstopo:routepoint_id>245504182</swisstopo:routepoint_id>
				</extensions>
			</trkpt>
			<trkpt lat="46.5238355485" lon="7.6227667153">
				<ele>1740.0</ele>
				<time>1970-01-01T01:00:00+01:00</time>
				<extensions>
					<swisstopo:routepoint_id>81902863</swisstopo:routepoint_id>
				</extensions>
			</trkpt>
			<trkpt lat="46.5237356970" lon="7.6227769966">
				<ele>1741.2</ele>
				<time>1970-01-01T01:00:00+01:00</time>
				<extensions>
					<swisstopo:routepoint_id>788045507</swisstopo:routepoint_id>
				</extensions>
			</trkpt>
			<trkpt lat="46.5236535242" lon="7.6227660966">
				<ele>1742.3</ele>
				<time>1970-01-01T01:00:00+01:00</time>
				<extensions>
					<swisstopo:routepoint_id>15149823</swisstopo:routepoint_id>
				</extensions>
			</trkpt>
			<trkpt lat="46.5235757452" lon="7.6227488131">
				<ele>1743.5</ele>
				<time>1970-01-01T01:00:00+01:00</time>
				<extensions>
					<swisstopo:routepoint_id>1609771849</swisstopo:routepoint_id>
				</extensions>
			</trkpt>
			<trkpt lat="46.5235287939" lon="7.6227358947">
				<ele>1744.1</ele>
				<time>1970-01-01T01:00:00+01:00</time>
				<extensions>
					<swisstopo:routepoint_id>1427592067</swisstopo:routepoint_id>
				</extensions>
			</trkpt>
			<trkpt lat="46.5234936828" lon="7.6227239266">
				<ele>1744.6</ele>
				<time>1970-01-01T01:00:00+01:00</time>
				<extensions>
					<swisstopo:routepoint_id>527260576</swisstopo:routepoint_id>
				</extensions>
			</trkpt>
			<trkpt lat="46.5234385558" lon="7.6226983140">
				<ele>1745.3</ele>
				<time>1970-01-01T01:00:00+01:00</time>
				<extensions>
					<swisstopo:routepoint_id>150109484</swisstopo:routepoint_id>
				</extensions>
			</trkpt>
			<trkpt lat="46.5233934830" lon="7.6226618382">
				<ele>1746.0</ele>
				<time>1970-01-01T01:00:00+01:00</time>
				<extensions>
					<swisstopo:routepoint_id>1761229307</swisstopo:routepoint_id>
				</extensions>
			</trkpt>
			<trkpt lat="46.5233471451" lon="7.6226253486">
				<ele>1746.9</ele>
				<time>1970-01-01T01:00:00+01:00</time>
				<extensions>
					<swisstopo:routepoint_id>1880064167</swisstopo:routepoint_id>
				</extensions>
			</trkpt>
			<trkpt lat="46.5233108497" lon="7.6225852660">
				<ele>1747.6</ele>
				<time>1970-01-01T01:00:00+01:00</time>
				<extensions>
					<swisstopo:routepoint_id>1970565020</swisstopo:routepoint_id>
				</extensions>
			</trkpt>
			<trkpt lat="46.5232820300" lon="7.6225670036">
				<ele>1748.0</ele>
				<time>1970-01-01T01:00:00+01:00</time>
				<extensions>
					<swisstopo:routepoint_id>1256213881</swisstopo:routepoint_id>
				</extensions>
			</trkpt>
			<trkpt lat="46.5232531985" lon="7.6225669057">
				<ele>1748.5</ele>
				<time>1970-01-01T01:00:00+01:00</time>
				<extensions>
					<swisstopo:routepoint_id>694240541</swisstopo:routepoint_id>
				</extensions>
			</trkpt>
			<trkpt lat="46.5232343565" lon="7.6225850062">
				<ele>1748.7</ele>
				<time>1970-01-01T01:00:00+01:00</time>
				<extensions>
					<swisstopo:routepoint_id>2052776831</swisstopo:routepoint_id>
				</extensions>
			</trkpt>
			<trkpt lat="46.5232267839" lon="7.6226176791">
				<ele>1748.9</ele>
				<time>1970-01-01T01:00:00+01:00</time>
				<extensions>
					<swisstopo:routepoint_id>112261601</swisstopo:routepoint_id>
				</extensions>
			</trkpt>
			<trkpt lat="46.5232317339" lon="7.6226558416">
				<ele>1749.2</ele>
				<time>1970-01-01T01:00:00+01:00</time>
				<extensions>
					<swisstopo:routepoint_id>840841012</swisstopo:routepoint_id>
				</extensions>
			</trkpt>
			<trkpt lat="46.5232580044" lon="7.6226995237">
				<ele>1749.7</ele>
				<time>1970-01-01T01:00:00+01:00</time>
				<extensions>
					<swisstopo:routepoint_id>1855475679</swisstopo:routepoint_id>
				</extensions>
			</trkpt>
			<trkpt lat="46.5233142921" lon="7.6227760065">
				<ele>1751.1</ele>
				<time>1970-01-01T01:00:00+01:00</time>
				<extensions>
					<swisstopo:routepoint_id>1526873844</swisstopo:routepoint_id>
				</extensions>
			</trkpt>
			<trkpt lat="46.5233706179" lon="7.6228397849">
				<ele>1752.7</ele>
				<time>1970-01-01T01:00:00+01:00</time>
				<extensions>
					<swisstopo:routepoint_id>2024684097</swisstopo:routepoint_id>
				</extensions>
			</trkpt>
			<trkpt lat="46.5234006527" lon="7.6228780328">
				<ele>1753.4</ele>
				<time>1970-01-01T01:00:00+01:00</time>
				<extensions>
					<swisstopo:routepoint_id>1027811728</swisstopo:routepoint_id>
				</extensions>
			</trkpt>
			<trkpt lat="46.5234081135" lon="7.6229143904">
				<ele>1753.9</ele>
				<time>1970-01-01T01:00:00+01:00</time>
				<extensions>
					<swisstopo:routepoint_id>628429184</swisstopo:routepoint_id>
				</extensions>
			</trkpt>
			<trkpt lat="46.5233992787" lon="7.6229506831">
				<ele>1754.6</ele>
				<time>1970-01-01T01:00:00+01:00</time>
				<extensions>
					<swisstopo:routepoint_id>2027099379</swisstopo:routepoint_id>
				</extensions>
			</trkpt>
			<trkpt lat="46.5233741658" lon="7.6229705885">
				<ele>1755.0</ele>
				<time>1970-01-01T01:00:00+01:00</time>
				<extensions>
					<swisstopo:routepoint_id>863001629</swisstopo:routepoint_id>
				</extensions>
			</trkpt>
			<trkpt lat="46.5233440796" lon="7.6229668494">
				<ele>1755.5</ele>
				<time>1970-01-01T01:00:00+01:00</time>
				<extensions>
					<swisstopo:routepoint_id>143783171</swisstopo:routepoint_id>
				</extensions>
			</trkpt>
			<trkpt lat="46.5232851898" lon="7.6229430374">
				<ele>1756.9</ele>
				<time>1970-01-01T01:00:00+01:00</time>
				<extensions>
					<swisstopo:routepoint_id>1043260783</swisstopo:routepoint_id>
				</extensions>
			</trkpt>
			<trkpt lat="46.5232012534" lon="7.6228955223">
				<ele>1758.5</ele>
				<time>1970-01-01T01:00:00+01:00</time>
				<extensions>
					<swisstopo:routepoint_id>2057936805</swisstopo:routepoint_id>
				</extensions>
			</trkpt>
			<trkpt lat="46.5231561704" lon="7.6228626704">
				<ele>1759.3</ele>
				<time>1970-01-01T01:00:00+01:00</time>
				<extensions>
					<swisstopo:routepoint_id>1190596773</swisstopo:routepoint_id>
				</extensions>
			</trkpt>
			<trkpt lat="46.5231286393" lon="7.6228244312">
				<ele>1760.2</ele>
				<time>1970-01-01T01:00:00+01:00</time>
				<extensions>
					<swisstopo:routepoint_id>1079050604</swisstopo:routepoint_id>
				</extensions>
			</trkpt>
			<trkpt lat="46.5231061772" lon="7.6227644049">
				<ele>1761.3</ele>
				<time>1970-01-01T01:00:00+01:00</time>
				<extensions>
					<swisstopo:routepoint_id>174884808</swisstopo:routepoint_id>
				</extensions>
			</trkpt>
			<trkpt lat="46.5230837415" lon="7.6226825776">
				<ele>1762.6</ele>
				<time>1970-01-01T01:00:00+01:00</time>
				<extensions>
					<swisstopo:routepoint_id>1110821362</swisstopo:routepoint_id>
				</extensions>
			</trkpt>
			<trkpt lat="46.5230587669" lon="7.6226171085">
				<ele>1763.7</ele>
				<time>1970-01-01T01:00:00+01:00</time>
				<extensions>
					<swisstopo:routepoint_id>1713117724</swisstopo:routepoint_id>
				</extensions>
			</trkpt>
			<trkpt lat="46.5230250060" lon="7.6225606680">
				<ele>1765.0</ele>
				<time>1970-01-01T01:00:00+01:00</time>
				<extensions>
					<swisstopo:routepoint_id>230354359</swisstopo:routepoint_id>
				</extensions>
			</trkpt>
			<trkpt lat="46.5229812026" lon="7.6225078428">
				<ele>1766.1</ele>
				<time>1970-01-01T01:00:00+01:00</time>
				<extensions>
					<swisstopo:routepoint_id>619614662</swisstopo:routepoint_id>
				</extensions>
			</trkpt>
			<trkpt lat="46.5229148473" lon="7.6224422240">
				<ele>1768.3</ele>
				<time>1970-01-01T01:00:00+01:00</time>
				<extensions>
					<swisstopo:routepoint_id>1507937087</swisstopo:routepoint_id>
				</extensions>
			</trkpt>
			<trkpt lat="46.5228472387" lon="7.6223856817">
				<ele>1770.4</ele>
				<time>1970-01-01T01:00:00+01:00</time>
				<extensions>
					<swisstopo:routepoint_id>1635372895</swisstopo:routepoint_id>
				</extensions>
			</trkpt>
			<trkpt lat="46.5227808628" lon="7.6223382274">
				<ele>1772.5</ele>
				<time>1970-01-01T01:00:00+01:00</time>
				<extensions>
					<swisstopo:routepoint_id>1459662364</swisstopo:routepoint_id>
				</extensions>
			</trkpt>
			<trkpt lat="46.5227119671" lon="7.6222925751">
				<ele>1774.3</ele>
				<time>1970-01-01T01:00:00+01:00</time>
				<extensions>
					<swisstopo:routepoint_id>1813846408</swisstopo:routepoint_id>
				</extensions>
			</trkpt>
			<trkpt lat="46.5226343159" lon="7.6222396485">
				<ele>1776.7</ele>
				<time>1970-01-01T01:00:00+01:00</time>
				<extensions>
					<swisstopo:routepoint_id>794680056</swisstopo:routepoint_id>
				</extensions>
			</trkpt>
			<trkpt lat="46.5225516545" lon="7.6221830589">
				<ele>1779.3</ele>
				<time>1970-01-01T01:00:00+01:00</time>
				<extensions>
					<swisstopo:routepoint_id>327028112</swisstopo:routepoint_id>
				</extensions>
			</trkpt>
			<trkpt lat="46.5224877676" lon="7.6221446845">
				<ele>1781.7</ele>
				<time>1970-01-01T01:00:00+01:00</time>
				<extensions>
					<swisstopo:routepoint_id>505015426</swisstopo:routepoint_id>
				</extensions>
			</trkpt>
			<trkpt lat="46.5224351484" lon="7.6221245380">
				<ele>1783.1</ele>
				<time>1970-01-01T01:00:00+01:00</time>
				<extensions>
					<swisstopo:routepoint_id>1185823626</swisstopo:routepoint_id>
				</extensions>
			</trkpt>
			<trkpt lat="46.5223774707" lon="7.6221170726">
				<ele>1785.0</ele>
				<time>1970-01-01T01:00:00+01:00</time>
				<extensions>
					<swisstopo:routepoint_id>2065271837</swisstopo:routepoint_id>
				</extensions>
			</trkpt>
			<trkpt lat="46.5223172791" lon="7.6221241388">
				<ele>1786.6</ele>
				<time>1970-01-01T01:00:00+01:00</time>
				<extensions>
					<swisstopo:routepoint_id>1143952279</swisstopo:routepoint_id>
				</extensions>
			</trkpt>
			<trkpt lat="46.5222645720" lon="7.6221475619">
				<ele>1787.9</ele>
				<time>1970-01-01T01:00:00+01:00</time>
				<extensions>
					<swisstopo:routepoint_id>2000883177</swisstopo:routepoint_id>
				</extensions>
			</trkpt>
			<trkpt lat="46.5222219015" lon="7.6221710444">
				<ele>1789.0</ele>
				<time>1970-01-01T01:00:00+01:00</time>
				<extensions>
					<swisstopo:routepoint_id>197301152</swisstopo:routepoint_id>
				</extensions>
			</trkpt>
			<trkpt lat="46.5221867464" lon="7.6222054368">
				<ele>1789.8</ele>
				<time>1970-01-01T01:00:00+01:00</time>
				<extensions>
					<swisstopo:routepoint_id>732871405</swisstopo:routepoint_id>
				</extensions>
			</trkpt>
			<trkpt lat="46.5221628415" lon="7.6222525812">
				<ele>1790.6</ele>
				<time>1970-01-01T01:00:00+01:00</time>
				<extensions>
					<swisstopo:routepoint_id>963640563</swisstopo:routepoint_id>
				</extensions>
			</trkpt>
			<trkpt lat="46.5221414505" lon="7.6223015509">
				<ele>1791.3</ele>
				<time>1970-01-01T01:00:00+01:00</time>
				<extensions>
					<swisstopo:routepoint_id>827663950</swisstopo:routepoint_id>
				</extensions>
			</trkpt>
			<trkpt lat="46.5221212791" lon="7.6223650520">
				<ele>1791.8</ele>
				<time>1970-01-01T01:00:00+01:00</time>
				<extensions>
					<swisstopo:routepoint_id>898444660</swisstopo:routepoint_id>
				</extensions>
			</trkpt>
			<trkpt lat="46.5220796783" lon="7.6225066093">
				<ele>1792.2</ele>
				<time>1970-01-01T01:00:00+01:00</time>
				<extensions>
					<swisstopo:routepoint_id>2145068366</swisstopo:routepoint_id>
				</extensions>
			</trkpt>
			<trkpt lat="46.5220544759" lon="7.6225846366">
				<ele>1792.2</ele>
				<time>1970-01-01T01:00:00+01:00</time>
				<extensions>
					<swisstopo:routepoint_id>164810099</swisstopo:routepoint_id>
				</extensions>
			</trkpt>
			<trkpt lat="46.5220267654" lon="7.6226571955">
				<ele>1792.2</ele>
				<time>1970-01-01T01:00:00+01:00</time>
				<extensions>
					<swisstopo:routepoint_id>484646013</swisstopo:routepoint_id>
				</extensions>
			</trkpt>
			<trkpt lat="46.5219928384" lon="7.6227115693">
				<ele>1792.3</ele>
				<time>1970-01-01T01:00:00+01:00</time>
				<extensions>
					<swisstopo:routepoint_id>983838595</swisstopo:routepoint_id>
				</extensions>
			</trkpt>
			<trkpt lat="46.5219513696" lon="7.6227659269">
				<ele>1792.4</ele>
				<time>1970-01-01T01:00:00+01:00</time>
				<extensions>
					<swisstopo:routepoint_id>952548472</swisstopo:routepoint_id>
				</extensions>
			</trkpt>
			<trkpt lat="46.5219073869" lon="7.6228238997">
				<ele>1792.6</ele>
				<time>1970-01-01T01:00:00+01:00</time>
				<extensions>
					<swisstopo:routepoint_id>1100670046</swisstopo:routepoint_id>
				</extensions>
			</trkpt>
			<trkpt lat="46.5218659063" lon="7.6228855176">
				<ele>1792.8</ele>
				<time>1970-01-01T01:00:00+01:00</time>
				<extensions>
					<swisstopo:routepoint_id>2111693827</swisstopo:routepoint_id>
				</extensions>
			</trkpt>
			<trkpt lat="46.5218395077" lon="7.6229344824">
				<ele>1792.9</ele>
				<time>1970-01-01T01:00:00+01:00</time>
				<extensions>
					<swisstopo:routepoint_id>1883051997</swisstopo:routepoint_id>
				</extensions>
			</trkpt>
			<trkpt lat="46.5217980241" lon="7.6229979232">
				<ele>1792.7</ele>
				<time>1970-01-01T01:00:00+01:00</time>
				<extensions>
					<swisstopo:routepoint_id>79775411</swisstopo:routepoint_id>
				</extensions>
			</trkpt>
			<trkpt lat="46.5217264012" lon="7.6230903096">
				<ele>1792.8</ele>
				<time>1970-01-01T01:00:00+01:00</time>
				<extensions>
					<swisstopo:routepoint_id>1513416528</swisstopo:routepoint_id>
				</extensions>
			</trkpt>
			<trkpt lat="46.5216484764" lon="7.6232008574">
				<ele>1793.1</ele>
				<time>1970-01-01T01:00:00+01:00</time>
				<extensions>
					<swisstopo:routepoint_id>2092014097</swisstopo:routepoint_id>
				</extensions>
			</trkpt>
			<trkpt lat="46.5216069749" lon="7.6232751788">
				<ele>1793.0</ele>
				<time>1970-01-01T01:00:00+01:00</time>
				<extensions>
					<swisstopo:routepoint_id>491206700</swisstopo:routepoint_id>
				</extensions>
			</trkpt>
			<trkpt lat="46.5215579271" lon="7.6233712782">
				<ele>1793.3</ele>
				<time>1970-01-01T01:00:00+01:00</time>
				<extensions>
					<swisstopo:routepoint_id>205180636</swisstopo:routepoint_id>
				</extensions>
			</trkpt>
			<trkpt lat="46.5215038143" lon="7.6234946234">
				<ele>1793.2</ele>
				<time>1970-01-01T01:00:00+01:00</time>
				<extensions>
					<swisstopo:routepoint_id>742465112</swisstopo:routepoint_id>
				</extensions>
			</trkpt>
			<trkpt lat="46.5214421168" lon="7.6236524407">
				<ele>1793.4</ele>
				<time>1970-01-01T01:00:00+01:00</time>
				<extensions>
					<swisstopo:routepoint_id>1307435945</swisstopo:routepoint_id>
				</extensions>
			</trkpt>
			<trkpt lat="46.5213892378" lon="7.6237866835">
				<ele>1793.6</ele>
				<time>1970-01-01T01:00:00+01:00</time>
				<extensions>
					<swisstopo:routepoint_id>1841574327</swisstopo:routepoint_id>
				</extensions>
			</trkpt>
			<trkpt lat="46.5213577859" lon="7.6238501574">
				<ele>1793.6</ele>
				<time>1970-01-01T01:00:00+01:00</time>
				<extensions>
					<swisstopo:routepoint_id>840692838</swisstopo:routepoint_id>
				</extensions>
			</trkpt>
			<trkpt lat="46.5213250851" lon="7.6239118039">
				<ele>1793.5</ele>
				<time>1970-01-01T01:00:00+01:00</time>
				<extensions>
					<swisstopo:routepoint_id>1132634252</swisstopo:routepoint_id>
				</extensions>
			</trkpt>
			<trkpt lat="46.5212748265" lon="7.6239715799">
				<ele>1793.6</ele>
				<time>1970-01-01T01:00:00+01:00</time>
				<extensions>
					<swisstopo:routepoint_id>1308830982</swisstopo:routepoint_id>
				</extensions>
			</trkpt>
			<trkpt lat="46.5212208272" lon="7.6240222436">
				<ele>1793.4</ele>
				<time>1970-01-01T01:00:00+01:00</time>
				<extensions>
					<swisstopo:routepoint_id>1756340078</swisstopo:routepoint_id>
				</extensions>
			</trkpt>
			<trkpt lat="46.5211530654" lon="7.6240601687">
				<ele>1793.6</ele>
				<time>1970-01-01T01:00:00+01:00</time>
				<extensions>
					<swisstopo:routepoint_id>409239923</swisstopo:routepoint_id>
				</extensions>
			</trkpt>
			<trkpt lat="46.5211016142" lon="7.6240835937">
				<ele>1794.0</ele>
				<time>1970-01-01T01:00:00+01:00</time>
				<extensions>
					<swisstopo:routepoint_id>1508546794</swisstopo:routepoint_id>
				</extensions>
			</trkpt>
			<trkpt lat="46.5210439068" lon="7.6241051869">
				<ele>1794.3</ele>
				<time>1970-01-01T01:00:00+01:00</time>
				<extensions>
					<swisstopo:routepoint_id>1332424097</swisstopo:routepoint_id>
				</extensions>
			</trkpt>
			<trkpt lat="46.5210096012" lon="7.6240601967">
				<ele>1794.0</ele>
				<time>1970-01-01T01:00:00+01:00</time>
				<extensions>
					<swisstopo:routepoint_id>1132807558</swisstopo:routepoint_id>
				</extensions>
			</trkpt>
			<trkpt lat="46.5210096012" lon="7.6240601967">
				<ele>1794.0</ele>
				<extensions>
					<swisstopo:waypoint_id>1517120849</swisstopo:waypoint_id>
					<swisstopo:waypoint_is_controlpoint>1</swisstopo:waypoint_is_controlpoint>
					<swisstopo:waypoint_routepoint_id>1132807558</swisstopo:waypoint_routepoint_id>
					<swisstopo:waypoint_meters_into_tour>2490.171106</swisstopo:waypoint_meters_into_tour>
					<swisstopo:waypoint_trackpoint_id>swisstopo-02</swisstopo:waypoint_trackpoint_id>
					<swisstopo:waypoint_original_name>Waypoint</swisstopo:waypoint_original_name>
				</extensions>
				<name>swisstopo-02</name>
			</trkpt>
			<trkpt lat="46.5209900044" lon="7.6240344983">
				<ele>1793.9</ele>
				<time>1970-01-01T01:00:00+01:00</time>
				<extensions>
					<swisstopo:routepoint_id>681370757</swisstopo:routepoint_id>
				</extensions>
			</trkpt>
			<trkpt lat="46.5209047943" lon="7.6239090366">
				<ele>1792.9</ele>
				<time>1970-01-01T01:00:00+01:00</time>
				<extensions>
					<swisstopo:routepoint_id>148499212</swisstopo:routepoint_id>
				</extensions>
			</trkpt>
			<trkpt lat="46.5208411441" lon="7.6238092576">
				<ele>1793.0</ele>
				<time>1970-01-01T01:00:00+01:00</time>
				<extensions>
					<swisstopo:routepoint_id>1555775303</swisstopo:routepoint_id>
				</extensions>
			</trkpt>
			<trkpt lat="46.5208117493" lon="7.6237693460">
				<ele>1793.2</ele>
				<time>1970-01-01T01:00:00+01:00</time>
				<extensions>
					<swisstopo:routepoint_id>237757519</swisstopo:routepoint_id>
				</extensions>
			</trkpt>
			<trkpt lat="46.5207764664" lon="7.6237308205">
				<ele>1793.4</ele>
				<time>1970-01-01T01:00:00+01:00</time>
				<extensions>
					<swisstopo:routepoint_id>1795286364</swisstopo:routepoint_id>
				</extensions>
			</trkpt>
			<trkpt lat="46.5207156938" lon="7.6236737295">
				<ele>1794.1</ele>
				<time>1970-01-01T01:00:00+01:00</time>
				<extensions>
					<swisstopo:routepoint_id>790553001</swisstopo:routepoint_id>
				</extensions>
			</trkpt>
			<trkpt lat="46.5206490135" lon="7.6236166056">
				<ele>1794.4</ele>
				<time>1970-01-01T01:00:00+01:00</time>
				<extensions>
					<swisstopo:routepoint_id>837352112</swisstopo:routepoint_id>
				</extensions>
			</trkpt>
			<trkpt lat="46.5206225560" lon="7.6235909196">
				<ele>1794.4</ele>
				<time>1970-01-01T01:00:00+01:00</time>
				<extensions>
					<swisstopo:routepoint_id>1170894527</swisstopo:routepoint_id>
				</extensions>
			</trkpt>
			<trkpt lat="46.5206039319" lon="7.6235695108">
				<ele>1794.8</ele>
				<time>1970-01-01T01:00:00+01:00</time>
				<extensions>
					<swisstopo:routepoint_id>1549389630</swisstopo:routepoint_id>
				</extensions>
			</trkpt>
			<trkpt lat="46.5205637660" lon="7.6235139094">
				<ele>1795.5</ele>
				<time>1970-01-01T01:00:00+01:00</time>
				<extensions>
					<swisstopo:routepoint_id>1864722301</swisstopo:routepoint_id>
				</extensions>
			</trkpt>
			<trkpt lat="46.5205246020" lon="7.6234526070">
				<ele>1796.3</ele>
				<time>1970-01-01T01:00:00+01:00</time>
				<extensions>
					<swisstopo:routepoint_id>1290821585</swisstopo:routepoint_id>
				</extensions>
			</trkpt>
			<trkpt lat="46.5204853994" lon="7.6234069641">
				<ele>1797.0</ele>
				<time>1970-01-01T01:00:00+01:00</time>
				<extensions>
					<swisstopo:routepoint_id>1105881684</swisstopo:routepoint_id>
				</extensions>
			</trkpt>
			<trkpt lat="46.5204373838" lon="7.6233570217">
				<ele>1797.8</ele>
				<time>1970-01-01T01:00:00+01:00</time>
				<extensions>
					<swisstopo:routepoint_id>438137373</swisstopo:routepoint_id>
				</extensions>
			</trkpt>
			<trkpt lat="46.5204060231" lon="7.6233185229">
				<ele>1798.4</ele>
				<time>1970-01-01T01:00:00+01:00</time>
				<extensions>
					<swisstopo:routepoint_id>1718083351</swisstopo:routepoint_id>
				</extensions>
			</trkpt>
			<trkpt lat="46.5203913463" lon="7.6232871695">
				<ele>1798.6</ele>
				<time>1970-01-01T01:00:00+01:00</time>
				<extensions>
					<swisstopo:routepoint_id>1930580831</swisstopo:routepoint_id>
				</extensions>
			</trkpt>
			<trkpt lat="46.5203835482" lon="7.6232530016">
				<ele>1798.7</ele>
				<time>1970-01-01T01:00:00+01:00</time>
				<extensions>
					<swisstopo:routepoint_id>196798421</swisstopo:routepoint_id>
				</extensions>
			</trkpt>
			<trkpt lat="46.5203806951" lon="7.6232003816">
				<ele>1798.8</ele>
				<time>1970-01-01T01:00:00+01:00</time>
				<extensions>
					<swisstopo:routepoint_id>378324517</swisstopo:routepoint_id>
				</extensions>
			</trkpt>
			<trkpt lat="46.5203857170" lon="7.6231264434">
				<ele>1798.9</ele>
				<time>1970-01-01T01:00:00+01:00</time>
				<extensions>
					<swisstopo:routepoint_id>1207849183</swisstopo:routepoint_id>
				</extensions>
			</trkpt>
			<trkpt lat="46.5203907569" lon="7.6230467976">
				<ele>1799.2</ele>
				<time>1970-01-01T01:00:00+01:00</time>
				<extensions>
					<swisstopo:routepoint_id>929147535</swisstopo:routepoint_id>
				</extensions>
			</trkpt>
			<trkpt lat="46.5203938405" lon="7.6229600565">
				<ele>1799.2</ele>
				<time>1970-01-01T01:00:00+01:00</time>
				<extensions>
					<swisstopo:routepoint_id>861819377</swisstopo:routepoint_id>
				</extensions>
			</trkpt>
			<trkpt lat="46.5203959055" lon="7.6228946443">
				<ele>1799.7</ele>
				<time>1970-01-01T01:00:00+01:00</time>
				<extensions>
					<swisstopo:routepoint_id>643030070</swisstopo:routepoint_id>
				</extensions>
			</trkpt>
			<trkpt lat="46.5203989314" lon="7.6228434410">
				<ele>1800.1</ele>
				<time>1970-01-01T01:00:00+01:00</time>
				<extensions>
					<swisstopo:routepoint_id>659857813</swisstopo:routepoint_id>
				</extensions>
			</trkpt>
			<trkpt lat="46.5204098375" lon="7.6227865950">
				<ele>1800.2</ele>
				<time>1970-01-01T01:00:00+01:00</time>
				<extensions>
					<swisstopo:routepoint_id>666195750</swisstopo:routepoint_id>
				</extensions>
			</trkpt>
			<trkpt lat="46.5204453931" lon="7.6226487634">
				<ele>1800.8</ele>
				<time>1970-01-01T01:00:00+01:00</time>
				<extensions>
					<swisstopo:routepoint_id>521666562</swisstopo:routepoint_id>
				</extensions>
			</trkpt>
			<trkpt lat="46.5204552856" lon="7.6226075512">
				<ele>1801.1</ele>
				<time>1970-01-01T01:00:00+01:00</time>
				<extensions>
					<swisstopo:routepoint_id>1562223231</swisstopo:routepoint_id>
				</extensions>
			</trkpt>
			<trkpt lat="46.5204602630" lon="7.6225662969">
				<ele>1801.5</ele>
				<time>1970-01-01T01:00:00+01:00</time>
				<extensions>
					<swisstopo:routepoint_id>1766283947</swisstopo:routepoint_id>
				</extensions>
			</trkpt>
			<trkpt lat="46.5204593571" lon="7.6225207879">
				<ele>1801.6</ele>
				<time>1970-01-01T01:00:00+01:00</time>
				<extensions>
					<swisstopo:routepoint_id>1044962924</swisstopo:routepoint_id>
				</extensions>
			</trkpt>
			<trkpt lat="46.5204525479" lon="7.6224752430">
				<ele>1801.8</ele>
				<time>1970-01-01T01:00:00+01:00</time>
				<extensions>
					<swisstopo:routepoint_id>1123739010</swisstopo:routepoint_id>
				</extensions>
			</trkpt>
			<trkpt lat="46.5204378842" lon="7.6224410774">
				<ele>1802.1</ele>
				<time>1970-01-01T01:00:00+01:00</time>
				<extensions>
					<swisstopo:routepoint_id>636396257</swisstopo:routepoint_id>
				</extensions>
			</trkpt>
			<trkpt lat="46.5204173105" lon="7.6224082980">
				<ele>1802.1</ele>
				<time>1970-01-01T01:00:00+01:00</time>
				<extensions>
					<swisstopo:routepoint_id>1879373848</swisstopo:routepoint_id>
				</extensions>
			</trkpt>
			<trkpt lat="46.5203928255" lon="7.6223740736">
				<ele>1802.0</ele>
				<time>1970-01-01T01:00:00+01:00</time>
				<extensions>
					<swisstopo:routepoint_id>1724515903</swisstopo:routepoint_id>
				</extensions>
			</trkpt>
			<trkpt lat="46.5203526197" lon="7.6223454878">
				<ele>1802.1</ele>
				<time>1970-01-01T01:00:00+01:00</time>
				<extensions>
					<swisstopo:routepoint_id>443613238</swisstopo:routepoint_id>
				</extensions>
			</trkpt>
			<trkpt lat="46.5202830047" lon="7.6222883560">
				<ele>1803.6</ele>
				<time>1970-01-01T01:00:00+01:00</time>
				<extensions>
					<swisstopo:routepoint_id>500696496</swisstopo:routepoint_id>
				</extensions>
			</trkpt>
			<trkpt lat="46.5202379087" lon="7.6222498114">
				<ele>1805.0</ele>
				<time>1970-01-01T01:00:00+01:00</time>
				<extensions>
					<swisstopo:routepoint_id>765222301</swisstopo:routepoint_id>
				</extensions>
			</trkpt>
			<trkpt lat="46.5201967535" lon="7.6221998902">
				<ele>1805.8</ele>
				<time>1970-01-01T01:00:00+01:00</time>
				<extensions>
					<swisstopo:routepoint_id>1547889055</swisstopo:routepoint_id>
				</extensions>
			</trkpt>
			<trkpt lat="46.5201565777" lon="7.6221499756">
				<ele>1805.7</ele>
				<time>1970-01-01T01:00:00+01:00</time>
				<extensions>
					<swisstopo:routepoint_id>624391837</swisstopo:routepoint_id>
				</extensions>
			</trkpt>
			<trkpt lat="46.5201321068" lon="7.6221015460">
				<ele>1805.7</ele>
				<time>1970-01-01T01:00:00+01:00</time>
				<extensions>
					<swisstopo:routepoint_id>1388647019</swisstopo:routepoint_id>
				</extensions>
			</trkpt>
			<trkpt lat="46.5201066858" lon="7.6220402884">
				<ele>1805.8</ele>
				<time>1970-01-01T01:00:00+01:00</time>
				<extensions>
					<swisstopo:routepoint_id>1120113458</swisstopo:routepoint_id>
				</extensions>
			</trkpt>
			<trkpt lat="46.5200832470" lon="7.6219591403">
				<ele>1806.0</ele>
				<time>1970-01-01T01:00:00+01:00</time>
				<extensions>
					<swisstopo:routepoint_id>2027556590</swisstopo:routepoint_id>
				</extensions>
			</trkpt>
			<trkpt lat="46.5200558786" lon="7.6218879339">
				<ele>1806.2</ele>
				<time>1970-01-01T01:00:00+01:00</time>
				<extensions>
					<swisstopo:routepoint_id>443507945</swisstopo:routepoint_id>
				</extensions>
			</trkpt>
			<trkpt lat="46.5200284897" lon="7.6218266826">
				<ele>1806.2</ele>
				<time>1970-01-01T01:00:00+01:00</time>
				<extensions>
					<swisstopo:routepoint_id>1426584928</swisstopo:routepoint_id>
				</extensions>
			</trkpt>
			<trkpt lat="46.5199941880" lon="7.6217593885">
				<ele>1805.7</ele>
				<time>1970-01-01T01:00:00+01:00</time>
				<extensions>
					<swisstopo:routepoint_id>1720221882</swisstopo:routepoint_id>
				</extensions>
			</trkpt>
			<trkpt lat="46.5199675952" lon="7.6217165420">
				<ele>1805.4</ele>
				<time>1970-01-01T01:00:00+01:00</time>
				<extensions>
					<swisstopo:routepoint_id>1322784501</swisstopo:routepoint_id>
				</extensions>
			</trkpt>
			<trkpt lat="46.5199514426" lon="7.6216957947">
				<ele>1805.4</ele>
				<time>1970-01-01T01:00:00+01:00</time>
				<extensions>
					<swisstopo:routepoint_id>241338952</swisstopo:routepoint_id>
				</extensions>
			</trkpt>
			<trkpt lat="46.5199371829" lon="7.6216860905">
				<ele>1805.3</ele>
				<time>1970-01-01T01:00:00+01:00</time>
				<extensions>
					<swisstopo:routepoint_id>1339758834</swisstopo:routepoint_id>
				</extensions>
			</trkpt>
			<trkpt lat="46.5199372539" lon="7.6216419661">
				<ele>1805.4</ele>
				<time>1970-01-01T01:00:00+01:00</time>
				<extensions>
					<swisstopo:routepoint_id>722731648</swisstopo:routepoint_id>
				</extensions>
			</trkpt>
			<trkpt lat="46.5199345143" lon="7.6215674804">
				<ele>1805.8</ele>
				<time>1970-01-01T01:00:00+01:00</time>
				<extensions>
					<swisstopo:routepoint_id>1415134534</swisstopo:routepoint_id>
				</extensions>
			</trkpt>
			<trkpt lat="46.5199334860" lon="7.6215077405">
				<ele>1806.4</ele>
				<time>1970-01-01T01:00:00+01:00</time>
				<extensions>
					<swisstopo:routepoint_id>1663988787</swisstopo:routepoint_id>
				</extensions>
			</trkpt>
			<trkpt lat="46.5199014763" lon="7.6214708969">
				<ele>1806.7</ele>
				<time>1970-01-01T01:00:00+01:00</time>
				<extensions>
					<swisstopo:routepoint_id>564819113</swisstopo:routepoint_id>
				</extensions>
			</trkpt>
			<trkpt lat="46.5198521136" lon="7.6213731497">
				<ele>1807.7</ele>
				<time>1970-01-01T01:00:00+01:00</time>
				<extensions>
					<swisstopo:routepoint_id>269289722</swisstopo:routepoint_id>
				</extensions>
			</trkpt>
			<trkpt lat="46.5198269063" lon="7.6213180323">
				<ele>1808.3</ele>
				<time>1970-01-01T01:00:00+01:00</time>
				<extensions>
					<swisstopo:routepoint_id>195623627</swisstopo:routepoint_id>
				</extensions>
			</trkpt>
			<trkpt lat="46.5198053484" lon="7.6212579242">
				<ele>1808.9</ele>
				<time>1970-01-01T01:00:00+01:00</time>
				<extensions>
					<swisstopo:routepoint_id>121363508</swisstopo:routepoint_id>
				</extensions>
			</trkpt>
			<trkpt lat="46.5197927273" lon="7.6212070330">
				<ele>1809.3</ele>
				<time>1970-01-01T01:00:00+01:00</time>
				<extensions>
					<swisstopo:routepoint_id>1245118230</swisstopo:routepoint_id>
				</extensions>
			</trkpt>
			<trkpt lat="46.5197848154" lon="7.6211503323">
				<ele>1809.4</ele>
				<time>1970-01-01T01:00:00+01:00</time>
				<extensions>
					<swisstopo:routepoint_id>1047395451</swisstopo:routepoint_id>
				</extensions>
			</trkpt>
			<trkpt lat="46.5197836680" lon="7.6210578431">
				<ele>1809.4</ele>
				<time>1970-01-01T01:00:00+01:00</time>
				<extensions>
					<swisstopo:routepoint_id>1624187286</swisstopo:routepoint_id>
				</extensions>
			</trkpt>
			<trkpt lat="46.5197871950" lon="7.6209045517">
				<ele>1809.5</ele>
				<time>1970-01-01T01:00:00+01:00</time>
				<extensions>
					<swisstopo:routepoint_id>438484221</swisstopo:routepoint_id>
				</extensions>
			</trkpt>
			<trkpt lat="46.5197881522" lon="7.6208170615">
				<ele>1809.5</ele>
				<time>1970-01-01T01:00:00+01:00</time>
				<extensions>
					<swisstopo:routepoint_id>1129887689</swisstopo:routepoint_id>
				</extensions>
			</trkpt>
			<trkpt lat="46.5197875752" lon="7.6207412550">
				<ele>1809.6</ele>
				<time>1970-01-01T01:00:00+01:00</time>
				<extensions>
					<swisstopo:routepoint_id>1313072724</swisstopo:routepoint_id>
				</extensions>
			</trkpt>
			<trkpt lat="46.5197801554" lon="7.6206678896">
				<ele>1809.6</ele>
				<time>1970-01-01T01:00:00+01:00</time>
				<extensions>
					<swisstopo:routepoint_id>1546706754</swisstopo:routepoint_id>
				</extensions>
			</trkpt>
			<trkpt lat="46.5197644860" lon="7.6205372085">
				<ele>1809.5</ele>
				<time>1970-01-01T01:00:00+01:00</time>
				<extensions>
					<swisstopo:routepoint_id>192783019</swisstopo:routepoint_id>
				</extensions>
			</trkpt>
			<trkpt lat="46.5197489650" lon="7.6203877760">
				<ele>1809.6</ele>
				<time>1970-01-01T01:00:00+01:00</time>
				<extensions>
					<swisstopo:routepoint_id>1378677351</swisstopo:routepoint_id>
				</extensions>
			</trkpt>
			<trkpt lat="46.5197352246" lon="7.6202702125">
				<ele>1809.6</ele>
				<time>1970-01-01T01:00:00+01:00</time>
				<extensions>
					<swisstopo:routepoint_id>959293602</swisstopo:routepoint_id>
				</extensions>
			</trkpt>
			<trkpt lat="46.5197246199" lon="7.6201418552">
				<ele>1809.5</ele>
				<time>1970-01-01T01:00:00+01:00</time>
				<extensions>
					<swisstopo:routepoint_id>1043207830</swisstopo:routepoint_id>
				</extensions>
			</trkpt>
			<trkpt lat="46.5197224325" lon="7.6200510187">
				<ele>1809.7</ele>
				<time>1970-01-01T01:00:00+01:00</time>
				<extensions>
					<swisstopo:routepoint_id>2023788307</swisstopo:routepoint_id>
				</extensions>
			</trkpt>
			<trkpt lat="46.5197281173" lon="7.6199677280">
				<ele>1809.5</ele>
				<time>1970-01-01T01:00:00+01:00</time>
				<extensions>
					<swisstopo:routepoint_id>1524058930</swisstopo:routepoint_id>
				</extensions>
			</trkpt>
			<trkpt lat="46.5197385517" lon="7.6199111271">
				<ele>1809.5</ele>
				<time>1970-01-01T01:00:00+01:00</time>
				<extensions>
					<swisstopo:routepoint_id>427775597</swisstopo:routepoint_id>
				</extensions>
			</trkpt>
			<trkpt lat="46.5197537011" lon="7.6198587129">
				<ele>1809.6</ele>
				<time>1970-01-01T01:00:00+01:00</time>
				<extensions>
					<swisstopo:routepoint_id>744318895</swisstopo:routepoint_id>
				</extensions>
			</trkpt>
			<trkpt lat="46.5197537011" lon="7.6198587129">
				<ele>1809.6</ele>
				<extensions>
					<swisstopo:waypoint_id>307334708</swisstopo:waypoint_id>
					<swisstopo:waypoint_is_controlpoint>1</swisstopo:waypoint_is_controlpoint>
					<swisstopo:waypoint_routepoint_id>744318895</swisstopo:waypoint_routepoint_id>
					<swisstopo:waypoint_meters_into_tour>2877.318992</swisstopo:waypoint_meters_into_tour>
					<swisstopo:waypoint_stage_before distance="2877.318992" duration="5365.598537" ascent="490.776001" descent="0.462036" />
					<swisstopo:waypoint_trackpoint_id>swisstopo-04</swisstopo:waypoint_trackpoint_id>
					<swisstopo:waypoint_original_name>Destination</swisstopo:waypoint_original_name>
				</extensions>
				<name>swisstopo-04</name>
			</trkpt>
		</trkseg>
	</trk>
</gpx>
